-- phpMyAdmin SQL Dump
-- version 4.5.1
-- http://www.phpmyadmin.net
--
-- Host: 127.0.0.1
-- Generation Time: Oct 28, 2016 at 07:22 PM
-- Server version: 10.1.13-MariaDB
-- PHP Version: 5.6.23

SET SQL_MODE = "NO_AUTO_VALUE_ON_ZERO";
SET time_zone = "+00:00";


/*!40101 SET @OLD_CHARACTER_SET_CLIENT=@@CHARACTER_SET_CLIENT */;
/*!40101 SET @OLD_CHARACTER_SET_RESULTS=@@CHARACTER_SET_RESULTS */;
/*!40101 SET @OLD_COLLATION_CONNECTION=@@COLLATION_CONNECTION */;
/*!40101 SET NAMES utf8mb4 */;

--
-- Database: `sms_new`
--

-- --------------------------------------------------------

--
-- Table structure for table `attendance`
--

CREATE TABLE `attendance` (
  `id` int(11) NOT NULL,
  `s_id` varchar(200) NOT NULL,
  `s_class` varchar(200) NOT NULL,
  `date_of_attand` date NOT NULL,
  `attend` int(2) NOT NULL DEFAULT '0',
  `session` varchar(200) NOT NULL,
  `attendance_by` varchar(200) NOT NULL
) ENGINE=InnoDB DEFAULT CHARSET=latin1;

--
-- Dumping data for table `attendance`
--

INSERT INTO `attendance` (`id`, `s_id`, `s_class`, `date_of_attand`, `attend`, `session`, `attendance_by`) VALUES
(1, '8', '1', '2016-06-04', 1, '', 'admin'),
(2, '8', '1', '2016-06-03', 1, '', 'admin'),
(3, '4', '2', '2016-06-02', 1, '', 'admin'),
(4, '10', '2', '2016-06-02', 1, '', 'admin'),
(5, '4', '2', '2016-06-03', 1, '', 'admin'),
(6, '10', '2', '2016-06-03', 1, '', 'admin'),
(7, '9', '2', '2016-06-03', 1, '', 'admin'),
(8, '9', '2', '2016-06-04', 0, '', 'admin'),
(9, '4', '2', '2016-06-04', 0, '', 'admin'),
(10, '3', '4', '2016-06-01', 1, '', 'admin'),
(11, '7', '4', '2016-06-02', 1, '', 'admin'),
(12, '3', '4', '2016-06-02', 1, '', 'admin'),
(13, '7', '4', '2016-06-03', 1, '', 'admin'),
(14, '7', '4', '2016-06-04', 1, '', 'admin'),
(15, '3', '4', '2016-06-04', 1, '', 'admin'),
(16, '8', '1', '2016-06-01', 1, '', 'admin'),
(17, '10', '2', '2016-06-04', 0, '', 'admin'),
(18, '8', '1', '2016-06-09', 1, '', 'admin'),
(19, '8', '1', '2016-08-13', 1, '', 'admin'),
(20, '8', '1', '2016-08-26', 1, '', 'admin'),
(21, '8', '1', '2016-10-02', 1, '', 'admin'),
(22, '4', '2', '2016-10-02', 1, '', 'admin'),
(23, '9', '2', '2016-10-02', 1, '', 'admin'),
(24, '3', '4', '2016-10-02', 1, '', 'admin'),
(25, '7', '4', '2016-10-02', 1, '', 'admin'),
(26, '4', '2', '2016-10-01', 1, '', 'admin'),
(27, '9', '2', '2016-10-01', 1, '', 'admin'),
(28, '10', '2', '2016-10-01', 1, '', 'admin'),
(29, '4', '2', '2016-10-09', 1, '', 'admin'),
(30, '9', '2', '2016-10-09', 1, '', 'admin'),
(31, '10', '2', '2016-10-09', 1, '', 'admin'),
(32, '12', '13', '2016-10-14', 1, '', 'teacher1');

-- --------------------------------------------------------

--
-- Table structure for table `auth_sessions`
--

CREATE TABLE `auth_sessions` (
  `id` varchar(40) NOT NULL,
  `user_id` int(10) UNSIGNED NOT NULL,
  `login_time` datetime DEFAULT NULL,
  `modified_at` timestamp NULL DEFAULT CURRENT_TIMESTAMP ON UPDATE CURRENT_TIMESTAMP,
  `ip_address` varchar(45) NOT NULL,
  `user_agent` varchar(60) DEFAULT NULL
) ENGINE=MyISAM DEFAULT CHARSET=utf8;

--
-- Dumping data for table `auth_sessions`
--

INSERT INTO `auth_sessions` (`id`, `user_id`, `login_time`, `modified_at`, `ip_address`, `user_agent`) VALUES
('94415bf245f22af780fe39e29e0f63f9807f0146', 259107241, '2016-10-27 15:32:27', '2016-10-27 14:27:38', '::1', 'Chrome 54.0.2840.71 on Windows 7');

-- --------------------------------------------------------

--
-- Table structure for table `booklist`
--

CREATE TABLE `booklist` (
  `id` int(11) NOT NULL,
  `class_id` varchar(50) NOT NULL,
  `subject_id` varchar(50) NOT NULL,
  `book_title` varchar(200) NOT NULL,
  `book_writter` varchar(50) NOT NULL,
  `copyright` varchar(20) NOT NULL,
  `publisher` varchar(50) NOT NULL,
  `user_id` int(200) NOT NULL
) ENGINE=InnoDB DEFAULT CHARSET=latin1;

--
-- Dumping data for table `booklist`
--

INSERT INTO `booklist` (`id`, `class_id`, `subject_id`, `book_title`, `book_writter`, `copyright`, `publisher`, `user_id`) VALUES
(1, '2', '2', 'Bangla Grammer', 'Mr. writer', 'mr.wirter@copyright', 'Mr. Writer Publisher', 259107241);

-- --------------------------------------------------------

--
-- Table structure for table `ci_sessions`
--

CREATE TABLE `ci_sessions` (
  `id` varchar(40) NOT NULL,
  `ip_address` varchar(45) NOT NULL,
  `timestamp` int(10) UNSIGNED NOT NULL DEFAULT '0',
  `data` blob NOT NULL
) ENGINE=MyISAM DEFAULT CHARSET=utf8;

--
-- Dumping data for table `ci_sessions`
--

INSERT INTO `ci_sessions` (`id`, `ip_address`, `timestamp`, `data`) VALUES
('a963faa084422626ff991719dbea454b9f628568', '::1', 1477391539, 0x5f5f63695f6c6173745f726567656e65726174657c693a313437373339313336313b617574685f6964656e746966696572737c733a38313a22613a323a7b733a373a22757365725f6964223b733a393a22323539313037323431223b733a31303a226c6f67696e5f74696d65223b733a31393a22323031362d31302d32352030393a30393a3332223b7d223b),
('4b6b6a4df34f4b4eea830699d8b9c4b760371cc1', '::1', 1477391189, 0x5f5f63695f6c6173745f726567656e65726174657c693a313437373339313133393b617574685f6964656e746966696572737c733a38313a22613a323a7b733a373a22757365725f6964223b733a393a22323539313037323431223b733a31303a226c6f67696e5f74696d65223b733a31393a22323031362d31302d32352030363a35323a3039223b7d223b),
('065aeb0f9ef034a3b5d4631c98092db354cbf762', '::1', 1477391138, 0x5f5f63695f6c6173745f726567656e65726174657c693a313437373339303833333b617574685f6964656e746966696572737c733a38313a22613a323a7b733a373a22757365725f6964223b733a393a22323539313037323431223b733a31303a226c6f67696e5f74696d65223b733a31393a22323031362d31302d32352030363a35323a3039223b7d223b),
('87170918129ebfe3c71adeaec1ab68072ec4be74', '::1', 1477390598, 0x5f5f63695f6c6173745f726567656e65726174657c693a313437373339303333363b617574685f6964656e746966696572737c733a38313a22613a323a7b733a373a22757365725f6964223b733a393a22323539313037323431223b733a31303a226c6f67696e5f74696d65223b733a31393a22323031362d31302d32352030393a30393a3332223b7d223b),
('17b6181763660d93a5300ff1b35c30ace7589a07', '::1', 1477389757, 0x5f5f63695f6c6173745f726567656e65726174657c693a313437373338393632303b617574685f6964656e746966696572737c733a38313a22613a323a7b733a373a22757365725f6964223b733a393a22323539313037323431223b733a31303a226c6f67696e5f74696d65223b733a31393a22323031362d31302d32352030363a35323a3039223b7d223b),
('8564936e254b694122a4d8a7812887a8f193dbac', '::1', 1477389501, 0x5f5f63695f6c6173745f726567656e65726174657c693a313437373338393232313b617574685f6964656e746966696572737c733a38313a22613a323a7b733a373a22757365725f6964223b733a393a22323539313037323431223b733a31303a226c6f67696e5f74696d65223b733a31393a22323031362d31302d32352030393a30393a3332223b7d223b),
('18225243f7559ec1ef32b55d766446258920a87d', '::1', 1477389070, 0x5f5f63695f6c6173745f726567656e65726174657c693a313437373338383831323b617574685f6964656e746966696572737c733a38313a22613a323a7b733a373a22757365725f6964223b733a393a22323539313037323431223b733a31303a226c6f67696e5f74696d65223b733a31393a22323031362d31302d32352030363a35323a3039223b7d223b),
('61d320ea4e3536a1c6148c8f7f71233843205c45', '::1', 1477388636, 0x5f5f63695f6c6173745f726567656e65726174657c693a313437373338383336303b617574685f6964656e746966696572737c733a38313a22613a323a7b733a373a22757365725f6964223b733a393a22323539313037323431223b733a31303a226c6f67696e5f74696d65223b733a31393a22323031362d31302d32352030363a35323a3039223b7d223b),
('bd93abf5600b171c77f73a72ffbe2b782115466d', '::1', 1477388205, 0x5f5f63695f6c6173745f726567656e65726174657c693a313437373338383035353b617574685f6964656e746966696572737c733a38313a22613a323a7b733a373a22757365725f6964223b733a393a22323539313037323431223b733a31303a226c6f67696e5f74696d65223b733a31393a22323031362d31302d32352030363a35323a3039223b7d223b),
('f2197eda64c3fa3a1120ef3ccea2e99eaa8a1223', '::1', 1477387897, 0x5f5f63695f6c6173745f726567656e65726174657c693a313437373338373634393b617574685f6964656e746966696572737c733a38313a22613a323a7b733a373a22757365725f6964223b733a393a22323539313037323431223b733a31303a226c6f67696e5f74696d65223b733a31393a22323031362d31302d32352030393a30393a3332223b7d223b),
('dd545f4a578175df3198051ca3ee2206bd4cfbbd', '::1', 1477387630, 0x5f5f63695f6c6173745f726567656e65726174657c693a313437373338373633303b617574685f6964656e746966696572737c733a38313a22613a323a7b733a373a22757365725f6964223b733a393a22323539313037323431223b733a31303a226c6f67696e5f74696d65223b733a31393a22323031362d31302d32352030363a35323a3039223b7d223b),
('f9203e7dd1221af300eecfb98aa92f0d0c88d97a', '::1', 1477387463, 0x5f5f63695f6c6173745f726567656e65726174657c693a313437373338373237313b617574685f6964656e746966696572737c733a38313a22613a323a7b733a373a22757365725f6964223b733a393a22323539313037323431223b733a31303a226c6f67696e5f74696d65223b733a31393a22323031362d31302d32352030363a35323a3039223b7d223b),
('045bef4307c97a34fe875fd450b62d5bf4e365b1', '::1', 1477387265, 0x5f5f63695f6c6173745f726567656e65726174657c693a313437373338363937303b617574685f6964656e746966696572737c733a38313a22613a323a7b733a373a22757365725f6964223b733a393a22323539313037323431223b733a31303a226c6f67696e5f74696d65223b733a31393a22323031362d31302d32352030363a35323a3039223b7d223b),
('68f8663383842826cb3ed0b033171c2de21898b6', '::1', 1477386843, 0x5f5f63695f6c6173745f726567656e65726174657c693a313437373338363737313b617574685f6964656e746966696572737c733a38313a22613a323a7b733a373a22757365725f6964223b733a393a22323539313037323431223b733a31303a226c6f67696e5f74696d65223b733a31393a22323031362d31302d32352030393a30393a3332223b7d223b),
('4555e23f8071bd83134fcef5ed80c1bdef2ae52a', '::1', 1477386707, 0x5f5f63695f6c6173745f726567656e65726174657c693a313437373338363434313b617574685f6964656e746966696572737c733a38313a22613a323a7b733a373a22757365725f6964223b733a393a22323539313037323431223b733a31303a226c6f67696e5f74696d65223b733a31393a22323031362d31302d32352030393a30393a3332223b7d223b),
('5e640d211467fe01b12d5b0e6c6fc462e51be094', '::1', 1477386394, 0x5f5f63695f6c6173745f726567656e65726174657c693a313437373338363131343b617574685f6964656e746966696572737c733a38313a22613a323a7b733a373a22757365725f6964223b733a393a22323539313037323431223b733a31303a226c6f67696e5f74696d65223b733a31393a22323031362d31302d32352030393a30393a3332223b7d223b),
('09b7157e74f6728eecee988969c738abb0dccbbd', '::1', 1477386967, 0x5f5f63695f6c6173745f726567656e65726174657c693a313437373338353736303b617574685f6964656e746966696572737c733a38313a22613a323a7b733a373a22757365725f6964223b733a393a22323539313037323431223b733a31303a226c6f67696e5f74696d65223b733a31393a22323031362d31302d32352030363a35323a3039223b7d223b),
('af3644d89a7de8be1c90e6976f277d07771899ca', '::1', 1477385713, 0x5f5f63695f6c6173745f726567656e65726174657c693a313437373338353433353b617574685f6964656e746966696572737c733a38313a22613a323a7b733a373a22757365725f6964223b733a393a22323539313037323431223b733a31303a226c6f67696e5f74696d65223b733a31393a22323031362d31302d32352030363a35323a3039223b7d223b),
('023489f8c1ab2e36817a01d1c53c4acbc7d0cd53', '::1', 1477386109, 0x5f5f63695f6c6173745f726567656e65726174657c693a313437373338333338333b617574685f6964656e746966696572737c733a38313a22613a323a7b733a373a22757365725f6964223b733a393a22323539313037323431223b733a31303a226c6f67696e5f74696d65223b733a31393a22323031362d31302d32352030393a30393a3332223b7d223b),
('95919af0fc17e4b751339298160af2f86495fee0', '::1', 1477383368, 0x5f5f63695f6c6173745f726567656e65726174657c693a313437373338333037383b617574685f6964656e746966696572737c733a38313a22613a323a7b733a373a22757365725f6964223b733a393a22323539313037323431223b733a31303a226c6f67696e5f74696d65223b733a31393a22323031362d31302d32352030393a30393a3332223b7d223b),
('c86f5cbd204bee17ade40b286eac2c62d3ab2de5', '::1', 1477382615, 0x5f5f63695f6c6173745f726567656e65726174657c693a313437373338323437343b617574685f6964656e746966696572737c733a38313a22613a323a7b733a373a22757365725f6964223b733a393a22323539313037323431223b733a31303a226c6f67696e5f74696d65223b733a31393a22323031362d31302d32352030363a35323a3039223b7d223b),
('15ed4a42e205893fb7aecda12fce888dab2f8f74', '::1', 1477382284, 0x5f5f63695f6c6173745f726567656e65726174657c693a313437373338323039303b617574685f6964656e746966696572737c733a38313a22613a323a7b733a373a22757365725f6964223b733a393a22323539313037323431223b733a31303a226c6f67696e5f74696d65223b733a31393a22323031362d31302d32352030393a30393a3332223b7d223b),
('2f21d24464d390cf78a24bcb44f83f43308995eb', '::1', 1477381564, 0x5f5f63695f6c6173745f726567656e65726174657c693a313437373338313536313b617574685f6964656e746966696572737c733a38313a22613a323a7b733a373a22757365725f6964223b733a393a22323539313037323431223b733a31303a226c6f67696e5f74696d65223b733a31393a22323031362d31302d32352030363a35323a3039223b7d223b),
('92532649c2ac6cc0f75ebd9555cf9403cfb4a3de', '::1', 1477381475, 0x5f5f63695f6c6173745f726567656e65726174657c693a313437373338313234373b617574685f6964656e746966696572737c733a38313a22613a323a7b733a373a22757365725f6964223b733a393a22323539313037323431223b733a31303a226c6f67696e5f74696d65223b733a31393a22323031362d31302d32352030363a35323a3039223b7d223b),
('383677122d26cfa2d3d8112621d12f473b78dd3b', '::1', 1477381019, 0x5f5f63695f6c6173745f726567656e65726174657c693a313437373338313031393b617574685f6964656e746966696572737c733a38313a22613a323a7b733a373a22757365725f6964223b733a393a22323539313037323431223b733a31303a226c6f67696e5f74696d65223b733a31393a22323031362d31302d32352030393a30393a3332223b7d223b),
('7adeda50124d6479fa5e5a7757eaf8b35d11e1f3', '::1', 1477380824, 0x5f5f63695f6c6173745f726567656e65726174657c693a313437373338303635353b617574685f6964656e746966696572737c733a38313a22613a323a7b733a373a22757365725f6964223b733a393a22323539313037323431223b733a31303a226c6f67696e5f74696d65223b733a31393a22323031362d31302d32352030393a30393a3332223b7d223b),
('e89b8fe26371aaa61a0b6e3cdf3328b58b8c36f4', '::1', 1477380564, 0x5f5f63695f6c6173745f726567656e65726174657c693a313437373338303331303b617574685f6964656e746966696572737c733a38313a22613a323a7b733a373a22757365725f6964223b733a393a22323539313037323431223b733a31303a226c6f67696e5f74696d65223b733a31393a22323031362d31302d32352030393a30393a3332223b7d223b),
('47eca6582fd1716ec4b8d9d4627a297972c32762', '::1', 1477380209, 0x5f5f63695f6c6173745f726567656e65726174657c693a313437373337393839353b617574685f6964656e746966696572737c733a38313a22613a323a7b733a373a22757365725f6964223b733a393a22323539313037323431223b733a31303a226c6f67696e5f74696d65223b733a31393a22323031362d31302d32352030393a30393a3332223b7d223b),
('c7669f119184eb45674366a663a00facdcd99a77', '::1', 1477379861, 0x5f5f63695f6c6173745f726567656e65726174657c693a313437373337393832303b617574685f6964656e746966696572737c733a38313a22613a323a7b733a373a22757365725f6964223b733a393a22323539313037323431223b733a31303a226c6f67696e5f74696d65223b733a31393a22323031362d31302d32352030363a35323a3039223b7d223b),
('f72deb23514e89734c32f374edc5f0c784dbd862', '::1', 1477379735, 0x5f5f63695f6c6173745f726567656e65726174657c693a313437373337393530323b617574685f6964656e746966696572737c733a38313a22613a323a7b733a373a22757365725f6964223b733a393a22323539313037323431223b733a31303a226c6f67696e5f74696d65223b733a31393a22323031362d31302d32352030363a35323a3039223b7d223b),
('4727fc797f16a306f1fb9b72b0c35255547d3270', '::1', 1477379427, 0x5f5f63695f6c6173745f726567656e65726174657c693a313437373337393337323b617574685f6964656e746966696572737c733a38313a22613a323a7b733a373a22757365725f6964223b733a393a22323539313037323431223b733a31303a226c6f67696e5f74696d65223b733a31393a22323031362d31302d32352030393a30393a3332223b7d223b),
('91ac899e4caa01eedadc4708c7a9b9a4d7bb511e', '::1', 1477379235, 0x5f5f63695f6c6173745f726567656e65726174657c693a313437373337393136343b617574685f6964656e746966696572737c733a38313a22613a323a7b733a373a22757365725f6964223b733a393a22323539313037323431223b733a31303a226c6f67696e5f74696d65223b733a31393a22323031362d31302d32352030363a35323a3039223b7d223b),
('786c276d32483e17e65c05cd23a8824f4896c067', '::1', 1477379124, 0x5f5f63695f6c6173745f726567656e65726174657c693a313437373337383834383b617574685f6964656e746966696572737c733a38313a22613a323a7b733a373a22757365725f6964223b733a393a22323539313037323431223b733a31303a226c6f67696e5f74696d65223b733a31393a22323031362d31302d32352030363a35323a3039223b7d223b),
('dabdae9979fd6bfaab610c8e8ba91083eb550caa', '::1', 1477378702, 0x5f5f63695f6c6173745f726567656e65726174657c693a313437373337383534373b617574685f6964656e746966696572737c733a38313a22613a323a7b733a373a22757365725f6964223b733a393a22323539313037323431223b733a31303a226c6f67696e5f74696d65223b733a31393a22323031362d31302d32352030363a35323a3039223b7d223b),
('4aec16c89aac79980432c958fa81d5466b3a02c9', '::1', 1477378178, 0x5f5f63695f6c6173745f726567656e65726174657c693a313437373337373839383b617574685f6964656e746966696572737c733a38313a22613a323a7b733a373a22757365725f6964223b733a393a22323539313037323431223b733a31303a226c6f67696e5f74696d65223b733a31393a22323031362d31302d32352030363a35323a3039223b7d223b),
('396abc922e11fbbb00d5eb22433b6305e4771a8b', '::1', 1477377773, 0x5f5f63695f6c6173745f726567656e65726174657c693a313437373337363932373b617574685f6964656e746966696572737c733a38313a22613a323a7b733a373a22757365725f6964223b733a393a22323539313037323431223b733a31303a226c6f67696e5f74696d65223b733a31393a22323031362d31302d32352030363a35323a3039223b7d223b),
('860e23c12dd054a99973e728388963125f34e8f3', '::1', 1477376314, 0x5f5f63695f6c6173745f726567656e65726174657c693a313437373337363133333b617574685f6964656e746966696572737c733a38313a22613a323a7b733a373a22757365725f6964223b733a393a22323539313037323431223b733a31303a226c6f67696e5f74696d65223b733a31393a22323031362d31302d32352030363a35323a3039223b7d223b),
('f2bf4c7bd0c73752e7ed904f5b1b99131a0cb1d7', '::1', 1477375990, 0x5f5f63695f6c6173745f726567656e65726174657c693a313437373337353737333b617574685f6964656e746966696572737c733a38313a22613a323a7b733a373a22757365725f6964223b733a393a22323539313037323431223b733a31303a226c6f67696e5f74696d65223b733a31393a22323031362d31302d32352030363a35323a3039223b7d223b),
('ca1e431f8c4d44c9ee980335c076faa5d26d9999', '::1', 1477374995, 0x5f5f63695f6c6173745f726567656e65726174657c693a313437373337343632383b617574685f6964656e746966696572737c733a38313a22613a323a7b733a373a22757365725f6964223b733a393a22323539313037323431223b733a31303a226c6f67696e5f74696d65223b733a31393a22323031362d31302d32352030363a35323a3039223b7d223b),
('61af4e50a1e916d6581e5e6f84295bf1f3972f68', '::1', 1477374427, 0x5f5f63695f6c6173745f726567656e65726174657c693a313437373337333738333b617574685f6964656e746966696572737c733a38313a22613a323a7b733a373a22757365725f6964223b733a393a22323539313037323431223b733a31303a226c6f67696e5f74696d65223b733a31393a22323031362d31302d32352030363a35323a3039223b7d223b),
('cb67a5545c2efc8cee1dd76d9215b9811e510847', '::1', 1477371146, 0x5f5f63695f6c6173745f726567656e65726174657c693a313437373337313132393b617574685f6964656e746966696572737c733a38313a22613a323a7b733a373a22757365725f6964223b733a393a22323539313037323431223b733a31303a226c6f67696e5f74696d65223b733a31393a22323031362d31302d32352030363a35323a3039223b7d223b),
('58fe1332534337a5cc804b0a6b11438f346de473', '::1', 1477371672, 0x5f5f63695f6c6173745f726567656e65726174657c693a313437373337313537383b617574685f6964656e746966696572737c733a38313a22613a323a7b733a373a22757365725f6964223b733a393a22323539313037323431223b733a31303a226c6f67696e5f74696d65223b733a31393a22323031362d31302d32352030363a35323a3039223b7d223b),
('bc9a4396cd2ea2c0c8925cde919d1f79cc225b45', '::1', 1477372293, 0x5f5f63695f6c6173745f726567656e65726174657c693a313437373337323032333b617574685f6964656e746966696572737c733a38313a22613a323a7b733a373a22757365725f6964223b733a393a22323539313037323431223b733a31303a226c6f67696e5f74696d65223b733a31393a22323031362d31302d32352030363a35323a3039223b7d223b),
('91022ca682f03fae635aac9a2576bbc4a734235a', '::1', 1477372333, 0x5f5f63695f6c6173745f726567656e65726174657c693a313437373337323333333b617574685f6964656e746966696572737c733a38313a22613a323a7b733a373a22757365725f6964223b733a393a22323539313037323431223b733a31303a226c6f67696e5f74696d65223b733a31393a22323031362d31302d32352030363a35323a3039223b7d223b),
('62a9733cd7b70de03d9058f7773509ae1c9e47fe', '::1', 1477373367, 0x5f5f63695f6c6173745f726567656e65726174657c693a313437373337333032303b617574685f6964656e746966696572737c733a38313a22613a323a7b733a373a22757365725f6964223b733a393a22323539313037323431223b733a31303a226c6f67696e5f74696d65223b733a31393a22323031362d31302d32352030363a35323a3039223b7d223b),
('2c64c2ace6473c9aad5adf9a9a557598255e0c1b', '::1', 1477373773, 0x5f5f63695f6c6173745f726567656e65726174657c693a313437373337333432303b617574685f6964656e746966696572737c733a38313a22613a323a7b733a373a22757365725f6964223b733a393a22323539313037323431223b733a31303a226c6f67696e5f74696d65223b733a31393a22323031362d31302d32352030363a35323a3039223b7d223b),
('28a0c9c773edd3022509d3b6a20d6d1e9618ba1e', '::1', 1477391953, 0x5f5f63695f6c6173745f726567656e65726174657c693a313437373339313638333b617574685f6964656e746966696572737c733a38313a22613a323a7b733a373a22757365725f6964223b733a393a22323539313037323431223b733a31303a226c6f67696e5f74696d65223b733a31393a22323031362d31302d32352030393a30393a3332223b7d223b),
('7626fc7bdb5ea217774b916037488eecec0279bd', '::1', 1477392317, 0x5f5f63695f6c6173745f726567656e65726174657c693a313437373339323038383b617574685f6964656e746966696572737c733a38313a22613a323a7b733a373a22757365725f6964223b733a393a22323539313037323431223b733a31303a226c6f67696e5f74696d65223b733a31393a22323031362d31302d32352030393a30393a3332223b7d223b),
('1f3a42c4f0129f6f23560fdc1da8e79933b7a32b', '::1', 1477392408, 0x5f5f63695f6c6173745f726567656e65726174657c693a313437373339323339303b617574685f6964656e746966696572737c733a38313a22613a323a7b733a373a22757365725f6964223b733a393a22323539313037323431223b733a31303a226c6f67696e5f74696d65223b733a31393a22323031362d31302d32352030393a30393a3332223b7d223b),
('ca3c1838286cc7b0acfbb573d843adedeb1f40ff', '::1', 1477393495, 0x5f5f63695f6c6173745f726567656e65726174657c693a313437373339333139373b617574685f6964656e746966696572737c733a38313a22613a323a7b733a373a22757365725f6964223b733a393a22323539313037323431223b733a31303a226c6f67696e5f74696d65223b733a31393a22323031362d31302d32352030363a35323a3039223b7d223b),
('b6cc724170867d6835855d2c234caa6b40273ad6', '::1', 1477393703, 0x5f5f63695f6c6173745f726567656e65726174657c693a313437373339333532333b617574685f6964656e746966696572737c733a38313a22613a323a7b733a373a22757365725f6964223b733a393a22323539313037323431223b733a31303a226c6f67696e5f74696d65223b733a31393a22323031362d31302d32352030363a35323a3039223b7d223b),
('c16794dd1491e4209017c3bd5342acf0f2edba46', '::1', 1477397449, 0x5f5f63695f6c6173745f726567656e65726174657c693a313437373339333731373b617574685f6964656e746966696572737c733a38313a22613a323a7b733a373a22757365725f6964223b733a393a22323539313037323431223b733a31303a226c6f67696e5f74696d65223b733a31393a22323031362d31302d32352030393a30393a3332223b7d223b),
('c8c7ded485388c2d64c9fccc628c7f73b7c6a43b', '::1', 1477394444, 0x5f5f63695f6c6173745f726567656e65726174657c693a313437373339343130333b617574685f6964656e746966696572737c733a38313a22613a323a7b733a373a22757365725f6964223b733a393a22323539313037323431223b733a31303a226c6f67696e5f74696d65223b733a31393a22323031362d31302d32352030363a35323a3039223b7d223b),
('0e5823a8d5949576ce3d9e5da82f924a750c529d', '::1', 1477394469, 0x5f5f63695f6c6173745f726567656e65726174657c693a313437373339343434363b617574685f6964656e746966696572737c733a38313a22613a323a7b733a373a22757365725f6964223b733a393a22323539313037323431223b733a31303a226c6f67696e5f74696d65223b733a31393a22323031362d31302d32352030363a35323a3039223b7d223b),
('6dea2595a89bd298e32fc9a612983615088dcaf0', '::1', 1477394976, 0x5f5f63695f6c6173745f726567656e65726174657c693a313437373339343736323b617574685f6964656e746966696572737c733a38313a22613a323a7b733a373a22757365725f6964223b733a393a22323539313037323431223b733a31303a226c6f67696e5f74696d65223b733a31393a22323031362d31302d32352030363a35323a3039223b7d223b),
('1cb6087a7832700ebeabec74d3dd6ba056887707', '::1', 1477395070, 0x5f5f63695f6c6173745f726567656e65726174657c693a313437373339353036383b617574685f6964656e746966696572737c733a38313a22613a323a7b733a373a22757365725f6964223b733a393a22323539313037323431223b733a31303a226c6f67696e5f74696d65223b733a31393a22323031362d31302d32352030363a35323a3039223b7d223b),
('ab696b730340cead487314409446c8709af12a70', '::1', 1477396373, 0x5f5f63695f6c6173745f726567656e65726174657c693a313437373339363331353b617574685f6964656e746966696572737c733a38313a22613a323a7b733a373a22757365725f6964223b733a393a22323539313037323431223b733a31303a226c6f67696e5f74696d65223b733a31393a22323031362d31302d32352030363a35323a3039223b7d223b),
('170046d4eb8f246049005b42e47319d42beb323c', '::1', 1477397226, 0x5f5f63695f6c6173745f726567656e65726174657c693a313437373339373039343b617574685f6964656e746966696572737c733a38313a22613a323a7b733a373a22757365725f6964223b733a393a22323539313037323431223b733a31303a226c6f67696e5f74696d65223b733a31393a22323031362d31302d32352030363a35323a3039223b7d223b),
('237e5a48bda78224f3f64761900a2e983205a4e9', '::1', 1477397470, 0x5f5f63695f6c6173745f726567656e65726174657c693a313437373339373435313b617574685f6964656e746966696572737c733a38313a22613a323a7b733a373a22757365725f6964223b733a393a22323539313037323431223b733a31303a226c6f67696e5f74696d65223b733a31393a22323031362d31302d32352030393a30393a3332223b7d223b6572726f725f6d6573736167657c733a32333a22546f74616c204d61726b732057696c6c20626520313030223b5f5f63695f766172737c613a323a7b733a31333a226572726f725f6d657373616765223b733a333a226f6c64223b733a31353a22737563636573735f6d657373616765223b733a333a226e6577223b7d737563636573735f6d6573736167657c733a34373a224d61726b7320446973747269627574696f6e20686173206265656e207375636365737366756c6c792061646465642e223b),
('fde00aee9ce1d38c4dfedd5b97538db3a2d1f0cd', '::1', 1477458454, 0x5f5f63695f6c6173745f726567656e65726174657c693a313437373435383137353b617574685f6964656e746966696572737c733a38313a22613a323a7b733a373a22757365725f6964223b733a393a22323539313037323431223b733a31303a226c6f67696e5f74696d65223b733a31393a22323031362d31302d32362030373a30323a3535223b7d223b),
('81bd27991b434dae3f85ad28c04c9d18bb93c77c', '::1', 1477461223, 0x5f5f63695f6c6173745f726567656e65726174657c693a313437373436313030383b617574685f6964656e746966696572737c733a38313a22613a323a7b733a373a22757365725f6964223b733a393a22323539313037323431223b733a31303a226c6f67696e5f74696d65223b733a31393a22323031362d31302d32362030373a30323a3535223b7d223b),
('7ffdfa4eeac19faf8dc3b72ec40a16ceb30b5c6c', '::1', 1477461422, 0x5f5f63695f6c6173745f726567656e65726174657c693a313437373436313339333b617574685f6964656e746966696572737c733a38313a22613a323a7b733a373a22757365725f6964223b733a393a22323539313037323431223b733a31303a226c6f67696e5f74696d65223b733a31393a22323031362d31302d32362030373a30323a3535223b7d223b),
('9ff3c8b089bdca0bb7b18c86cb0d10b1590681a7', '::1', 1477462245, 0x5f5f63695f6c6173745f726567656e65726174657c693a313437373436323234353b617574685f6964656e746966696572737c733a38313a22613a323a7b733a373a22757365725f6964223b733a393a22323539313037323431223b733a31303a226c6f67696e5f74696d65223b733a31393a22323031362d31302d32362030373a30323a3535223b7d223b),
('67e32c2d04af7fff7734a1335f9f4e52ee9d592e', '::1', 1477462707, 0x5f5f63695f6c6173745f726567656e65726174657c693a313437373436323537313b617574685f6964656e746966696572737c733a38313a22613a323a7b733a373a22757365725f6964223b733a393a22323539313037323431223b733a31303a226c6f67696e5f74696d65223b733a31393a22323031362d31302d32362030373a30323a3535223b7d223b),
('374cdb0029e88321b84b20e505a222fcabbb43d8', '::1', 1477463157, 0x5f5f63695f6c6173745f726567656e65726174657c693a313437373436323937363b617574685f6964656e746966696572737c733a38313a22613a323a7b733a373a22757365725f6964223b733a393a22323539313037323431223b733a31303a226c6f67696e5f74696d65223b733a31393a22323031362d31302d32362030373a30323a3535223b7d223b),
('b8297d210aa9c4fd359ba2171db95fe24bd62b20', '::1', 1477463418, 0x5f5f63695f6c6173745f726567656e65726174657c693a313437373436333335363b617574685f6964656e746966696572737c733a38313a22613a323a7b733a373a22757365725f6964223b733a393a22323539313037323431223b733a31303a226c6f67696e5f74696d65223b733a31393a22323031362d31302d32362030373a30323a3535223b7d223b),
('55222e9213466384973c93582a0dd41f7927612a', '::1', 1477463675, 0x5f5f63695f6c6173745f726567656e65726174657c693a313437373436333637353b617574685f6964656e746966696572737c733a38313a22613a323a7b733a373a22757365725f6964223b733a393a22323539313037323431223b733a31303a226c6f67696e5f74696d65223b733a31393a22323031362d31302d32362030373a30323a3535223b7d223b),
('f90d2f381a6c57ef9e53aee6dd560c2a6fc8cc61', '::1', 1477464227, 0x5f5f63695f6c6173745f726567656e65726174657c693a313437373436343036323b617574685f6964656e746966696572737c733a38313a22613a323a7b733a373a22757365725f6964223b733a393a22323539313037323431223b733a31303a226c6f67696e5f74696d65223b733a31393a22323031362d31302d32362030373a30323a3535223b7d223b),
('66be90c43edc3620213aee9039efad5ee0dd7f00', '::1', 1477464816, 0x5f5f63695f6c6173745f726567656e65726174657c693a313437373436343731333b617574685f6964656e746966696572737c733a38313a22613a323a7b733a373a22757365725f6964223b733a393a22323539313037323431223b733a31303a226c6f67696e5f74696d65223b733a31393a22323031362d31302d32362030373a30323a3535223b7d223b),
('44a74fe9a4ffab44095f7165217bf6f26ec2b98f', '::1', 1477465257, 0x5f5f63695f6c6173745f726567656e65726174657c693a313437373436353032313b617574685f6964656e746966696572737c733a38313a22613a323a7b733a373a22757365725f6964223b733a393a22323539313037323431223b733a31303a226c6f67696e5f74696d65223b733a31393a22323031362d31302d32362030373a30323a3535223b7d223b),
('ee3a7fc7cbd698264aa3c1aaa2ad0561de7c37e3', '::1', 1477465546, 0x5f5f63695f6c6173745f726567656e65726174657c693a313437373436353333373b617574685f6964656e746966696572737c733a38313a22613a323a7b733a373a22757365725f6964223b733a393a22323539313037323431223b733a31303a226c6f67696e5f74696d65223b733a31393a22323031362d31302d32362030373a30323a3535223b7d223b),
('783cba32d7d8a05e7d4ae5cbb6a23c65aca26ab5', '::1', 1477465537, 0x5f5f63695f6c6173745f726567656e65726174657c693a313437373436353438393b617574685f6964656e746966696572737c733a38313a22613a323a7b733a373a22757365725f6964223b733a393a22323539313037323431223b733a31303a226c6f67696e5f74696d65223b733a31393a22323031362d31302d32362030393a30343a3439223b7d223b),
('efc12f9639a00f18a2ad3bbebe85aa72f1cd35ee', '::1', 1477466091, 0x5f5f63695f6c6173745f726567656e65726174657c693a313437373436353833323b617574685f6964656e746966696572737c733a38313a22613a323a7b733a373a22757365725f6964223b733a393a22323539313037323431223b733a31303a226c6f67696e5f74696d65223b733a31393a22323031362d31302d32362030373a30323a3535223b7d223b),
('9831a4af8a38220052c88d6e89cdcd888e9d1fd9', '::1', 1477466434, 0x5f5f63695f6c6173745f726567656e65726174657c693a313437373436363139323b617574685f6964656e746966696572737c733a38313a22613a323a7b733a373a22757365725f6964223b733a393a22323539313037323431223b733a31303a226c6f67696e5f74696d65223b733a31393a22323031362d31302d32362030373a30323a3535223b7d223b),
('8ba6d9572539a067f05e5afdcfc9f48964d6dc47', '::1', 1477466780, 0x5f5f63695f6c6173745f726567656e65726174657c693a313437373436363530323b617574685f6964656e746966696572737c733a38313a22613a323a7b733a373a22757365725f6964223b733a393a22323539313037323431223b733a31303a226c6f67696e5f74696d65223b733a31393a22323031362d31302d32362030373a30323a3535223b7d223b),
('740347d989787a3a10c3f7927b59e86bc98aa733', '::1', 1477467099, 0x5f5f63695f6c6173745f726567656e65726174657c693a313437373436363831373b617574685f6964656e746966696572737c733a38313a22613a323a7b733a373a22757365725f6964223b733a393a22323539313037323431223b733a31303a226c6f67696e5f74696d65223b733a31393a22323031362d31302d32362030373a30323a3535223b7d223b),
('6644b9377895e6e89b26b74b79dd39d6c074e6d1', '::1', 1477467401, 0x5f5f63695f6c6173745f726567656e65726174657c693a313437373436373132373b617574685f6964656e746966696572737c733a38313a22613a323a7b733a373a22757365725f6964223b733a393a22323539313037323431223b733a31303a226c6f67696e5f74696d65223b733a31393a22323031362d31302d32362030373a30323a3535223b7d223b),
('4b19500c9b8e5237993c54abd5dc514887ed9183', '::1', 1477467799, 0x5f5f63695f6c6173745f726567656e65726174657c693a313437373436373532383b617574685f6964656e746966696572737c733a38313a22613a323a7b733a373a22757365725f6964223b733a393a22323539313037323431223b733a31303a226c6f67696e5f74696d65223b733a31393a22323031362d31302d32362030373a30323a3535223b7d223b),
('8a570591979761ffa5ea28065979774ab51b1ed4', '::1', 1477468154, 0x5f5f63695f6c6173745f726567656e65726174657c693a313437373436373835373b617574685f6964656e746966696572737c733a38313a22613a323a7b733a373a22757365725f6964223b733a393a22323539313037323431223b733a31303a226c6f67696e5f74696d65223b733a31393a22323031362d31302d32362030373a30323a3535223b7d223b737563636573735f6d6573736167657c733a33373a2253747564656e7420686173206265656e207375636365737366756c6c79204564697465642e223b5f5f63695f766172737c613a313a7b733a31353a22737563636573735f6d657373616765223b733a333a226f6c64223b7d),
('58a7f307caddd014f4ed56b3e64bdf968f0bf63a', '::1', 1477468381, 0x5f5f63695f6c6173745f726567656e65726174657c693a313437373436383137343b617574685f6964656e746966696572737c733a38313a22613a323a7b733a373a22757365725f6964223b733a393a22323539313037323431223b733a31303a226c6f67696e5f74696d65223b733a31393a22323031362d31302d32362030373a30323a3535223b7d223b),
('437d2d34ae6251c58f50df7b018e87618522acbd', '::1', 1477468553, 0x5f5f63695f6c6173745f726567656e65726174657c693a313437373436383535323b617574685f6964656e746966696572737c733a38313a22613a323a7b733a373a22757365725f6964223b733a393a22323539313037323431223b733a31303a226c6f67696e5f74696d65223b733a31393a22323031362d31302d32362030373a30323a3535223b7d223b),
('785054728ff8ba577479ebb614d575fa558f0098', '::1', 1477469330, 0x5f5f63695f6c6173745f726567656e65726174657c693a313437373436393131393b617574685f6964656e746966696572737c733a38313a22613a323a7b733a373a22757365725f6964223b733a393a22323539313037323431223b733a31303a226c6f67696e5f74696d65223b733a31393a22323031362d31302d32362030373a30323a3535223b7d223b),
('7eb3b4f3ef390c4e7fd3be4b00777fac5926df54', '::1', 1477469723, 0x5f5f63695f6c6173745f726567656e65726174657c693a313437373436393433363b617574685f6964656e746966696572737c733a38313a22613a323a7b733a373a22757365725f6964223b733a393a22323539313037323431223b733a31303a226c6f67696e5f74696d65223b733a31393a22323031362d31302d32362030373a30323a3535223b7d223b737563636573735f6d6573736167657c733a34393a224d61726b7320446973747269627574696f6e20686173206265656e207375636365737366756c6c7920757064617465642e223b5f5f63695f766172737c613a313a7b733a31353a22737563636573735f6d657373616765223b733a333a226f6c64223b7d),
('85747a2efcdb997c78a1b1709ba35797a1affe30', '::1', 1477470002, 0x5f5f63695f6c6173745f726567656e65726174657c693a313437373436393735393b617574685f6964656e746966696572737c733a38313a22613a323a7b733a373a22757365725f6964223b733a393a22323539313037323431223b733a31303a226c6f67696e5f74696d65223b733a31393a22323031362d31302d32362030373a30323a3535223b7d223b),
('a207bdbdc6b77b0ccd043465883e95283e6c75a1', '::1', 1477470072, 0x5f5f63695f6c6173745f726567656e65726174657c693a313437373437303037323b617574685f6964656e746966696572737c733a38313a22613a323a7b733a373a22757365725f6964223b733a393a22323539313037323431223b733a31303a226c6f67696e5f74696d65223b733a31393a22323031362d31302d32362030373a30323a3535223b7d223b),
('865c86b3973603d4e05f5b9c7a8873b561712492', '::1', 1477470926, 0x5f5f63695f6c6173745f726567656e65726174657c693a313437373437303831363b617574685f6964656e746966696572737c733a38313a22613a323a7b733a373a22757365725f6964223b733a393a22323539313037323431223b733a31303a226c6f67696e5f74696d65223b733a31393a22323031362d31302d32362030373a30323a3535223b7d223b),
('78a44e648ee4d2e5558013eaa9f6e80fed4d3a77', '::1', 1477471122, 0x5f5f63695f6c6173745f726567656e65726174657c693a313437373437313132323b617574685f6964656e746966696572737c733a38313a22613a323a7b733a373a22757365725f6964223b733a393a22323539313037323431223b733a31303a226c6f67696e5f74696d65223b733a31393a22323031362d31302d32362030373a30323a3535223b7d223b),
('eadc2184d047236d573ae4d30cc26d2f47eee6dd', '::1', 1477471753, 0x5f5f63695f6c6173745f726567656e65726174657c693a313437373437313531383b617574685f6964656e746966696572737c733a38313a22613a323a7b733a373a22757365725f6964223b733a393a22323539313037323431223b733a31303a226c6f67696e5f74696d65223b733a31393a22323031362d31302d32362030373a30323a3535223b7d223b),
('b569caa95f6455b38106c12d64819035ea999842', '::1', 1477472175, 0x5f5f63695f6c6173745f726567656e65726174657c693a313437373437313838323b617574685f6964656e746966696572737c733a38313a22613a323a7b733a373a22757365725f6964223b733a393a22323539313037323431223b733a31303a226c6f67696e5f74696d65223b733a31393a22323031362d31302d32362030373a30323a3535223b7d223b),
('e781b45ef8d42380c59be6831d779cccd0b09ea2', '::1', 1477472358, 0x5f5f63695f6c6173745f726567656e65726174657c693a313437373437323334323b617574685f6964656e746966696572737c733a38313a22613a323a7b733a373a22757365725f6964223b733a393a22323539313037323431223b733a31303a226c6f67696e5f74696d65223b733a31393a22323031362d31302d32362030373a30323a3535223b7d223b),
('e59c993e9e113471b762d6a133866dd160969bcf', '::1', 1477474835, 0x5f5f63695f6c6173745f726567656e65726174657c693a313437373437343535383b617574685f6964656e746966696572737c733a38313a22613a323a7b733a373a22757365725f6964223b733a393a22323539313037323431223b733a31303a226c6f67696e5f74696d65223b733a31393a22323031362d31302d32362030373a30323a3535223b7d223b),
('95adc764c8c1a697413b62dbf2e86c14ac6d40c9', '::1', 1477475121, 0x5f5f63695f6c6173745f726567656e65726174657c693a313437373437353132313b617574685f6964656e746966696572737c733a38313a22613a323a7b733a373a22757365725f6964223b733a393a22323539313037323431223b733a31303a226c6f67696e5f74696d65223b733a31393a22323031362d31302d32362030373a30323a3535223b7d223b),
('d5d1677ce2793061821d5b39cc521427e2e326d2', '::1', 1477475692, 0x5f5f63695f6c6173745f726567656e65726174657c693a313437373437353434373b617574685f6964656e746966696572737c733a38313a22613a323a7b733a373a22757365725f6964223b733a393a22323539313037323431223b733a31303a226c6f67696e5f74696d65223b733a31393a22323031362d31302d32362030373a30323a3535223b7d223b),
('a2653cc12ea96d5a3269403bd206fc42aa687218', '::1', 1477477541, 0x5f5f63695f6c6173745f726567656e65726174657c693a313437373437373330383b617574685f6964656e746966696572737c733a38313a22613a323a7b733a373a22757365725f6964223b733a393a22323539313037323431223b733a31303a226c6f67696e5f74696d65223b733a31393a22323031362d31302d32362030373a30323a3535223b7d223b),
('3decd2013096002992bb12ed6bb90a9fc56e0cfd', '::1', 1477478100, 0x5f5f63695f6c6173745f726567656e65726174657c693a313437373437373832393b617574685f6964656e746966696572737c733a38313a22613a323a7b733a373a22757365725f6964223b733a393a22323539313037323431223b733a31303a226c6f67696e5f74696d65223b733a31393a22323031362d31302d32362030373a30323a3535223b7d223b),
('42c64f52a8b6a79f426fc282ea9c8645488e99d1', '::1', 1477478345, 0x5f5f63695f6c6173745f726567656e65726174657c693a313437373437383232363b617574685f6964656e746966696572737c733a38313a22613a323a7b733a373a22757365725f6964223b733a393a22323539313037323431223b733a31303a226c6f67696e5f74696d65223b733a31393a22323031362d31302d32362030373a30323a3535223b7d223b),
('c3fb3031df69c17e6a856f1d2eb8f65dcc000ba6', '::1', 1477478944, 0x5f5f63695f6c6173745f726567656e65726174657c693a313437373437383635343b617574685f6964656e746966696572737c733a38313a22613a323a7b733a373a22757365725f6964223b733a393a22323539313037323431223b733a31303a226c6f67696e5f74696d65223b733a31393a22323031362d31302d32362030373a30323a3535223b7d223b),
('fb19a1ac0cc4a6ebf0913010f456781b695180f1', '::1', 1477479046, 0x5f5f63695f6c6173745f726567656e65726174657c693a313437373437393034363b617574685f6964656e746966696572737c733a38313a22613a323a7b733a373a22757365725f6964223b733a393a22323539313037323431223b733a31303a226c6f67696e5f74696d65223b733a31393a22323031362d31302d32362030373a30323a3535223b7d223b),
('feca4343108e25c9a2837f827c38169166a1af0d', '::1', 1477481020, 0x5f5f63695f6c6173745f726567656e65726174657c693a313437373438303737333b617574685f6964656e746966696572737c733a38313a22613a323a7b733a373a22757365725f6964223b733a393a22323539313037323431223b733a31303a226c6f67696e5f74696d65223b733a31393a22323031362d31302d32362030373a30323a3535223b7d223b),
('81842adb2ef4148c685ea40037ced954135d4ce4', '::1', 1477481241, 0x5f5f63695f6c6173745f726567656e65726174657c693a313437373438313132343b617574685f6964656e746966696572737c733a38313a22613a323a7b733a373a22757365725f6964223b733a393a22323539313037323431223b733a31303a226c6f67696e5f74696d65223b733a31393a22323031362d31302d32362030373a30323a3535223b7d223b),
('a65084896ee36430cef86e229a365e4631892fab', '::1', 1477481885, 0x5f5f63695f6c6173745f726567656e65726174657c693a313437373438313635353b617574685f6964656e746966696572737c733a38313a22613a323a7b733a373a22757365725f6964223b733a393a22323539313037323431223b733a31303a226c6f67696e5f74696d65223b733a31393a22323031362d31302d32362030373a30323a3535223b7d223b),
('8de7a27f6323013c21e7e9965af2c6e561d466e4', '::1', 1477482276, 0x5f5f63695f6c6173745f726567656e65726174657c693a313437373438323136333b617574685f6964656e746966696572737c733a38313a22613a323a7b733a373a22757365725f6964223b733a393a22323539313037323431223b733a31303a226c6f67696e5f74696d65223b733a31393a22323031362d31302d32362030373a30323a3535223b7d223b),
('dede3b18fb1383d962ed57dcf591f5f287c73f3d', '::1', 1477482574, 0x5f5f63695f6c6173745f726567656e65726174657c693a313437373438323537343b617574685f6964656e746966696572737c733a38313a22613a323a7b733a373a22757365725f6964223b733a393a22323539313037323431223b733a31303a226c6f67696e5f74696d65223b733a31393a22323031362d31302d32362030373a30323a3535223b7d223b),
('ad96ce8c254dfcff6a0ea88d23467b918143dd79', '::1', 1477483082, 0x5f5f63695f6c6173745f726567656e65726174657c693a313437373438323930313b617574685f6964656e746966696572737c733a38313a22613a323a7b733a373a22757365725f6964223b733a393a22323539313037323431223b733a31303a226c6f67696e5f74696d65223b733a31393a22323031362d31302d32362030373a30323a3535223b7d223b),
('b918e183faefdb524620492c2d6ca241b021efca', '::1', 1477483759, 0x5f5f63695f6c6173745f726567656e65726174657c693a313437373438333539303b617574685f6964656e746966696572737c733a38313a22613a323a7b733a373a22757365725f6964223b733a393a22323539313037323431223b733a31303a226c6f67696e5f74696d65223b733a31393a22323031362d31302d32362030373a30323a3535223b7d223b),
('01d10a99619916e9a2865149698d47800630954c', '::1', 1477493374, 0x5f5f63695f6c6173745f726567656e65726174657c693a313437373439333130343b617574685f6964656e746966696572737c733a38313a22613a323a7b733a373a22757365725f6964223b733a393a22323539313037323431223b733a31303a226c6f67696e5f74696d65223b733a31393a22323031362d31302d32362031363a34353a3034223b7d223b),
('ccf20a1725f1596c3f91d9972559164dc0db1605', '::1', 1477493704, 0x5f5f63695f6c6173745f726567656e65726174657c693a313437373439333437363b617574685f6964656e746966696572737c733a38313a22613a323a7b733a373a22757365725f6964223b733a393a22323539313037323431223b733a31303a226c6f67696e5f74696d65223b733a31393a22323031362d31302d32362031363a34353a3034223b7d223b),
('6433dfb326f08efe369b0c9f18ba61c4bdf49bc7', '::1', 1477494025, 0x5f5f63695f6c6173745f726567656e65726174657c693a313437373439333739343b617574685f6964656e746966696572737c733a38313a22613a323a7b733a373a22757365725f6964223b733a393a22323539313037323431223b733a31303a226c6f67696e5f74696d65223b733a31393a22323031362d31302d32362031363a34353a3034223b7d223b),
('558417ab30d5191fcd8b2f7c0537b8cf21c691bb', '::1', 1477494285, 0x5f5f63695f6c6173745f726567656e65726174657c693a313437373439343131353b617574685f6964656e746966696572737c733a38313a22613a323a7b733a373a22757365725f6964223b733a393a22323539313037323431223b733a31303a226c6f67696e5f74696d65223b733a31393a22323031362d31302d32362031363a34353a3034223b7d223b),
('200a468508eb549c408d03bfef50255758ec06ef', '::1', 1477494551, 0x5f5f63695f6c6173745f726567656e65726174657c693a313437373439343433383b617574685f6964656e746966696572737c733a38313a22613a323a7b733a373a22757365725f6964223b733a393a22323539313037323431223b733a31303a226c6f67696e5f74696d65223b733a31393a22323031362d31302d32362031363a34353a3034223b7d223b),
('19df97febcca173db08cc8569b982ce9bd4232b6', '::1', 1477495282, 0x5f5f63695f6c6173745f726567656e65726174657c693a313437373439353032353b617574685f6964656e746966696572737c733a38313a22613a323a7b733a373a22757365725f6964223b733a393a22323539313037323431223b733a31303a226c6f67696e5f74696d65223b733a31393a22323031362d31302d32362031363a34353a3034223b7d223b),
('67c40e07fd423473debf2202bf0cc39468ff15cc', '::1', 1477495638, 0x5f5f63695f6c6173745f726567656e65726174657c693a313437373439353336333b617574685f6964656e746966696572737c733a38313a22613a323a7b733a373a22757365725f6964223b733a393a22323539313037323431223b733a31303a226c6f67696e5f74696d65223b733a31393a22323031362d31302d32362031363a34353a3034223b7d223b),
('6e250901c64c85fc3e74af4f3c0dabd02a0ff3c3', '::1', 1477495852, 0x5f5f63695f6c6173745f726567656e65726174657c693a313437373439353639323b617574685f6964656e746966696572737c733a38313a22613a323a7b733a373a22757365725f6964223b733a393a22323539313037323431223b733a31303a226c6f67696e5f74696d65223b733a31393a22323031362d31302d32362031363a34353a3034223b7d223b),
('29326764cdfc78f79f340fad7e841bb0d8f30c6e', '::1', 1477496577, 0x5f5f63695f6c6173745f726567656e65726174657c693a313437373439363333343b617574685f6964656e746966696572737c733a38313a22613a323a7b733a373a22757365725f6964223b733a393a22323539313037323431223b733a31303a226c6f67696e5f74696d65223b733a31393a22323031362d31302d32362031363a34353a3034223b7d223b),
('500924d483b1afc76eeda3389aee2dae8a481379', '::1', 1477496771, 0x5f5f63695f6c6173745f726567656e65726174657c693a313437373439363637373b617574685f6964656e746966696572737c733a38313a22613a323a7b733a373a22757365725f6964223b733a393a22323539313037323431223b733a31303a226c6f67696e5f74696d65223b733a31393a22323031362d31302d32362031363a34353a3034223b7d223b),
('40b57ae206f1591a1cad89d542983998b8c06dcc', '::1', 1477498135, 0x5f5f63695f6c6173745f726567656e65726174657c693a313437373439373835373b617574685f6964656e746966696572737c733a38313a22613a323a7b733a373a22757365725f6964223b733a393a22323539313037323431223b733a31303a226c6f67696e5f74696d65223b733a31393a22323031362d31302d32362031363a34353a3034223b7d223b),
('e73fb1cb33e1618b565229d8d2dd11e1651ec59e', '::1', 1477498421, 0x5f5f63695f6c6173745f726567656e65726174657c693a313437373439383136393b617574685f6964656e746966696572737c733a38313a22613a323a7b733a373a22757365725f6964223b733a393a22323539313037323431223b733a31303a226c6f67696e5f74696d65223b733a31393a22323031362d31302d32362031363a34353a3034223b7d223b),
('2d5af883a857f7bd36e5b0c9d111f63b5f30b127', '::1', 1477498529, 0x5f5f63695f6c6173745f726567656e65726174657c693a313437373439383532393b617574685f6964656e746966696572737c733a38313a22613a323a7b733a373a22757365725f6964223b733a393a22323539313037323431223b733a31303a226c6f67696e5f74696d65223b733a31393a22323031362d31302d32362031363a34353a3034223b7d223b),
('3a08e669ff4d0eadf8c7c107eade7e5b05e8e632', '::1', 1477499731, 0x5f5f63695f6c6173745f726567656e65726174657c693a313437373439393434393b617574685f6964656e746966696572737c733a38313a22613a323a7b733a373a22757365725f6964223b733a393a22323539313037323431223b733a31303a226c6f67696e5f74696d65223b733a31393a22323031362d31302d32362031363a34353a3034223b7d223b),
('cd388f4a5a5d4b2fb15a3357801ca4d064787741', '::1', 1477500066, 0x5f5f63695f6c6173745f726567656e65726174657c693a313437373439393737393b617574685f6964656e746966696572737c733a38313a22613a323a7b733a373a22757365725f6964223b733a393a22323539313037323431223b733a31303a226c6f67696e5f74696d65223b733a31393a22323031362d31302d32362031363a34353a3034223b7d223b),
('413bae2951eb43bf12f7478f9d7e865a9e02f097', '::1', 1477500356, 0x5f5f63695f6c6173745f726567656e65726174657c693a313437373530303039343b617574685f6964656e746966696572737c733a38313a22613a323a7b733a373a22757365725f6964223b733a393a22323539313037323431223b733a31303a226c6f67696e5f74696d65223b733a31393a22323031362d31302d32362031363a34353a3034223b7d223b),
('fd52ef41f77990a512a82922b8cdefb1d3904a30', '::1', 1477500746, 0x5f5f63695f6c6173745f726567656e65726174657c693a313437373530303438373b617574685f6964656e746966696572737c733a38313a22613a323a7b733a373a22757365725f6964223b733a393a22323539313037323431223b733a31303a226c6f67696e5f74696d65223b733a31393a22323031362d31302d32362031363a34353a3034223b7d223b),
('34288bf0bbe5a1c1f091f712f5c2d713b5b24334', '::1', 1477501353, 0x5f5f63695f6c6173745f726567656e65726174657c693a313437373530313135393b617574685f6964656e746966696572737c733a38313a22613a323a7b733a373a22757365725f6964223b733a393a22323539313037323431223b733a31303a226c6f67696e5f74696d65223b733a31393a22323031362d31302d32362031363a34353a3034223b7d223b),
('d98b283ea8f693f97ea1eb8d409ebdb0cdf9ac22', '::1', 1477501802, 0x5f5f63695f6c6173745f726567656e65726174657c693a313437373530313439313b617574685f6964656e746966696572737c733a38313a22613a323a7b733a373a22757365725f6964223b733a393a22323539313037323431223b733a31303a226c6f67696e5f74696d65223b733a31393a22323031362d31302d32362031363a34353a3034223b7d223b),
('8ee3592b0e69a70f10d71fb134b003101f6ce97c', '::1', 1477502107, 0x5f5f63695f6c6173745f726567656e65726174657c693a313437373530313830343b617574685f6964656e746966696572737c733a38313a22613a323a7b733a373a22757365725f6964223b733a393a22323539313037323431223b733a31303a226c6f67696e5f74696d65223b733a31393a22323031362d31302d32362031363a34353a3034223b7d223b),
('09c5da42ccd25a341d3c072776da7901d5fcbed0', '::1', 1477502252, 0x5f5f63695f6c6173745f726567656e65726174657c693a313437373530323130393b617574685f6964656e746966696572737c733a38313a22613a323a7b733a373a22757365725f6964223b733a393a22323539313037323431223b733a31303a226c6f67696e5f74696d65223b733a31393a22323031362d31302d32362031363a34353a3034223b7d223b),
('7c16be40ad9b4a4cb21690fbe61e1226c2901f53', '::1', 1477502493, 0x5f5f63695f6c6173745f726567656e65726174657c693a313437373530323431303b617574685f6964656e746966696572737c733a38313a22613a323a7b733a373a22757365725f6964223b733a393a22323539313037323431223b733a31303a226c6f67696e5f74696d65223b733a31393a22323031362d31302d32362031363a34353a3034223b7d223b),
('75e82ee34d770639681afc0d23a7cdad85418ba0', '::1', 1477503025, 0x5f5f63695f6c6173745f726567656e65726174657c693a313437373530323739363b617574685f6964656e746966696572737c733a38313a22613a323a7b733a373a22757365725f6964223b733a393a22323539313037323431223b733a31303a226c6f67696e5f74696d65223b733a31393a22323031362d31302d32362031363a34353a3034223b7d223b),
('2fc694a3ae927ea83b4f1608ff0872ba79c439e0', '::1', 1477503553, 0x5f5f63695f6c6173745f726567656e65726174657c693a313437373530333235383b617574685f6964656e746966696572737c733a38313a22613a323a7b733a373a22757365725f6964223b733a393a22323539313037323431223b733a31303a226c6f67696e5f74696d65223b733a31393a22323031362d31302d32362031363a34353a3034223b7d223b),
('1fd8fb1b00e624f757f82b024dab23e04edebd4c', '::1', 1477503655, 0x5f5f63695f6c6173745f726567656e65726174657c693a313437373530333632343b617574685f6964656e746966696572737c733a38313a22613a323a7b733a373a22757365725f6964223b733a393a22323539313037323431223b733a31303a226c6f67696e5f74696d65223b733a31393a22323031362d31302d32362031363a34353a3034223b7d223b),
('2d08b5b2f73bfc6a1a78e62e9d49bc722f76cac9', '::1', 1477504242, 0x5f5f63695f6c6173745f726567656e65726174657c693a313437373530333934343b617574685f6964656e746966696572737c733a38313a22613a323a7b733a373a22757365725f6964223b733a393a22323539313037323431223b733a31303a226c6f67696e5f74696d65223b733a31393a22323031362d31302d32362031363a34353a3034223b7d223b),
('58cc2baafd6a460f01ef33e8469830a71f77a986', '::1', 1477504248, 0x5f5f63695f6c6173745f726567656e65726174657c693a313437373530343234383b617574685f6964656e746966696572737c733a38313a22613a323a7b733a373a22757365725f6964223b733a393a22323539313037323431223b733a31303a226c6f67696e5f74696d65223b733a31393a22323031362d31302d32362031363a34353a3034223b7d223b),
('d425a4092298783026206363a54cf492f0345157', '::1', 1477506370, 0x5f5f63695f6c6173745f726567656e65726174657c693a313437373530363037313b617574685f6964656e746966696572737c733a38313a22613a323a7b733a373a22757365725f6964223b733a393a22323539313037323431223b733a31303a226c6f67696e5f74696d65223b733a31393a22323031362d31302d32362031363a34353a3034223b7d223b),
('ff187cd690ef05bcffad0cb9744787251e8a935a', '::1', 1477506459, 0x5f5f63695f6c6173745f726567656e65726174657c693a313437373530363337363b617574685f6964656e746966696572737c733a38313a22613a323a7b733a373a22757365725f6964223b733a393a22323539313037323431223b733a31303a226c6f67696e5f74696d65223b733a31393a22323031362d31302d32362031363a34353a3034223b7d223b),
('13d82e972f571884fc663f2669cd7b858b301ea1', '::1', 1477506768, 0x5f5f63695f6c6173745f726567656e65726174657c693a313437373530363730343b617574685f6964656e746966696572737c733a38313a22613a323a7b733a373a22757365725f6964223b733a393a22323539313037323431223b733a31303a226c6f67696e5f74696d65223b733a31393a22323031362d31302d32362031363a34353a3034223b7d223b737563636573735f6d6573736167657c733a34343a2253747564656e74204d61726b7320686173206265656e207375636365737366756c6c7920757064617465642e223b5f5f63695f766172737c613a313a7b733a31353a22737563636573735f6d657373616765223b733a333a226e6577223b7d),
('f5fbfbf1bfd62c391fdb1af9966be4b9c4d618b2', '::1', 1477507258, 0x5f5f63695f6c6173745f726567656e65726174657c693a313437373530373132353b617574685f6964656e746966696572737c733a38313a22613a323a7b733a373a22757365725f6964223b733a393a22323539313037323431223b733a31303a226c6f67696e5f74696d65223b733a31393a22323031362d31302d32362031363a34353a3034223b7d223b737563636573735f6d6573736167657c733a34343a2253747564656e74204d61726b7320686173206265656e207375636365737366756c6c7920757064617465642e223b5f5f63695f766172737c613a313a7b733a31353a22737563636573735f6d657373616765223b733a333a226e6577223b7d),
('8098940af91440d96d7b32e563349fbdcb9752f2', '::1', 1477508028, 0x5f5f63695f6c6173745f726567656e65726174657c693a313437373530373739343b617574685f6964656e746966696572737c733a38313a22613a323a7b733a373a22757365725f6964223b733a393a22323539313037323431223b733a31303a226c6f67696e5f74696d65223b733a31393a22323031362d31302d32362031363a34353a3034223b7d223b),
('d8b14b05ea591cf50d25d7d3a64c34e7e6127eb9', '::1', 1477508171, 0x5f5f63695f6c6173745f726567656e65726174657c693a313437373530383133323b617574685f6964656e746966696572737c733a38313a22613a323a7b733a373a22757365725f6964223b733a393a22323539313037323431223b733a31303a226c6f67696e5f74696d65223b733a31393a22323031362d31302d32362031363a34353a3034223b7d223b),
('e645d4fd5043f18f475d9b1852d99f17fb755ffa', '::1', 1477508533, 0x5f5f63695f6c6173745f726567656e65726174657c693a313437373530383434353b617574685f6964656e746966696572737c733a38313a22613a323a7b733a373a22757365725f6964223b733a393a22323539313037323431223b733a31303a226c6f67696e5f74696d65223b733a31393a22323031362d31302d32362031363a34353a3034223b7d223b),
('3ead43cf61c5b364ed07c127fa356d4c13b97ec6', '::1', 1477509213, 0x5f5f63695f6c6173745f726567656e65726174657c693a313437373530383932323b617574685f6964656e746966696572737c733a38313a22613a323a7b733a373a22757365725f6964223b733a393a22323539313037323431223b733a31303a226c6f67696e5f74696d65223b733a31393a22323031362d31302d32362031363a34353a3034223b7d223b);
INSERT INTO `ci_sessions` (`id`, `ip_address`, `timestamp`, `data`) VALUES
('8e51cd6eb3ef8d0460f7143f7c807b385c0df3a7', '::1', 1477509473, 0x5f5f63695f6c6173745f726567656e65726174657c693a313437373530393233303b617574685f6964656e746966696572737c733a38313a22613a323a7b733a373a22757365725f6964223b733a393a22323539313037323431223b733a31303a226c6f67696e5f74696d65223b733a31393a22323031362d31302d32362031363a34353a3034223b7d223b),
('ebc49c46f4bb2f9dd03344756f789a54f0e9b32a', '::1', 1477509808, 0x5f5f63695f6c6173745f726567656e65726174657c693a313437373530393533353b617574685f6964656e746966696572737c733a38313a22613a323a7b733a373a22757365725f6964223b733a393a22323539313037323431223b733a31303a226c6f67696e5f74696d65223b733a31393a22323031362d31302d32362031363a34353a3034223b7d223b),
('ac18e3b9551ebf6cbee5f617a28d51aada5daf24', '::1', 1477509923, 0x5f5f63695f6c6173745f726567656e65726174657c693a313437373530393835303b617574685f6964656e746966696572737c733a38313a22613a323a7b733a373a22757365725f6964223b733a393a22323539313037323431223b733a31303a226c6f67696e5f74696d65223b733a31393a22323031362d31302d32362031363a34353a3034223b7d223b),
('7d06d224572ecd80d08782eb4112fc5e0ae79b67', '::1', 1477510419, 0x5f5f63695f6c6173745f726567656e65726174657c693a313437373531303137303b617574685f6964656e746966696572737c733a38313a22613a323a7b733a373a22757365725f6964223b733a393a22323539313037323431223b733a31303a226c6f67696e5f74696d65223b733a31393a22323031362d31302d32362031363a34353a3034223b7d223b),
('e942c93cee828e60fa0477ff6e0ad2cdf780a0f2', '::1', 1477510941, 0x5f5f63695f6c6173745f726567656e65726174657c693a313437373531303634323b617574685f6964656e746966696572737c733a38313a22613a323a7b733a373a22757365725f6964223b733a393a22323539313037323431223b733a31303a226c6f67696e5f74696d65223b733a31393a22323031362d31302d32362031363a34353a3034223b7d223b),
('bbe71a4ca83bbea2a99a30bb15b0357ec208017f', '::1', 1477511194, 0x5f5f63695f6c6173745f726567656e65726174657c693a313437373531303934373b617574685f6964656e746966696572737c733a38313a22613a323a7b733a373a22757365725f6964223b733a393a22323539313037323431223b733a31303a226c6f67696e5f74696d65223b733a31393a22323031362d31302d32362031363a34353a3034223b7d223b737563636573735f6d6573736167657c733a34323a2253747564656e74204d61726b7320686173206265656e207375636365737366756c6c792061646465642e223b5f5f63695f766172737c613a313a7b733a31353a22737563636573735f6d657373616765223b733a333a226e6577223b7d),
('bb6e823d1f5dd01ad4fdd1c71c1a9ccfe22d8ef5', '::1', 1477511859, 0x5f5f63695f6c6173745f726567656e65726174657c693a313437373531313538313b617574685f6964656e746966696572737c733a38313a22613a323a7b733a373a22757365725f6964223b733a393a22323539313037323431223b733a31303a226c6f67696e5f74696d65223b733a31393a22323031362d31302d32362031363a34353a3034223b7d223b),
('0fbad02149de63ed3d8dca26e7a9ddbffeab65f6', '::1', 1477512223, 0x5f5f63695f6c6173745f726567656e65726174657c693a313437373531313931353b617574685f6964656e746966696572737c733a38313a22613a323a7b733a373a22757365725f6964223b733a393a22323539313037323431223b733a31303a226c6f67696e5f74696d65223b733a31393a22323031362d31302d32362031363a34353a3034223b7d223b),
('d739fdbbbd65112ebe69ea2a0c3acb379fe477a6', '::1', 1477512496, 0x5f5f63695f6c6173745f726567656e65726174657c693a313437373531323233323b617574685f6964656e746966696572737c733a38313a22613a323a7b733a373a22757365725f6964223b733a393a22323539313037323431223b733a31303a226c6f67696e5f74696d65223b733a31393a22323031362d31302d32362031363a34353a3034223b7d223b),
('22f5b2322e5ca131f1a97e5c6a5c9f36de913a70', '::1', 1477512895, 0x5f5f63695f6c6173745f726567656e65726174657c693a313437373531323630333b617574685f6964656e746966696572737c733a38313a22613a323a7b733a373a22757365725f6964223b733a393a22323539313037323431223b733a31303a226c6f67696e5f74696d65223b733a31393a22323031362d31302d32362031363a34353a3034223b7d223b),
('86c2d307ac52e308c06e8a94cee1c3925b102767', '::1', 1477513194, 0x5f5f63695f6c6173745f726567656e65726174657c693a313437373531323930353b617574685f6964656e746966696572737c733a38313a22613a323a7b733a373a22757365725f6964223b733a393a22323539313037323431223b733a31303a226c6f67696e5f74696d65223b733a31393a22323031362d31302d32362031363a34353a3034223b7d223b),
('f9f44a35b2554100e9a81027c0ced412d02117c5', '::1', 1477513631, 0x5f5f63695f6c6173745f726567656e65726174657c693a313437373531333335373b617574685f6964656e746966696572737c733a38313a22613a323a7b733a373a22757365725f6964223b733a393a22323539313037323431223b733a31303a226c6f67696e5f74696d65223b733a31393a22323031362d31302d32362031363a34353a3034223b7d223b),
('91ead74823dcbad0db201f1cd133bdd58176e786', '::1', 1477513898, 0x5f5f63695f6c6173745f726567656e65726174657c693a313437373531333730333b617574685f6964656e746966696572737c733a38313a22613a323a7b733a373a22757365725f6964223b733a393a22323539313037323431223b733a31303a226c6f67696e5f74696d65223b733a31393a22323031362d31302d32362031363a34353a3034223b7d223b),
('fd3f2d1fec1326bb1ce2ec9fc40feca716e28acd', '::1', 1477514731, 0x5f5f63695f6c6173745f726567656e65726174657c693a313437373531343631353b),
('16ed9d5b4377719c5f806f622319377feec062e0', '::1', 1477575297, 0x5f5f63695f6c6173745f726567656e65726174657c693a313437373537353134373b617574685f6964656e746966696572737c733a38313a22613a323a7b733a373a22757365725f6964223b733a393a22323539313037323431223b733a31303a226c6f67696e5f74696d65223b733a31393a22323031362d31302d32372031353a33323a3237223b7d223b6572726f725f6d6573736167657c733a36383a224e6f204d61726b7320446973747269627574696f6e20466f756e642e20506c65617365204d616b652061204d61726b7320446973747269627574696f6e2046697273742e223b5f5f63695f766172737c613a313a7b733a31333a226572726f725f6d657373616765223b733a333a226f6c64223b7d),
('53349870d6842776591a74750f012a949f3c5f9a', '::1', 1477575756, 0x5f5f63695f6c6173745f726567656e65726174657c693a313437373537353438373b617574685f6964656e746966696572737c733a38313a22613a323a7b733a373a22757365725f6964223b733a393a22323539313037323431223b733a31303a226c6f67696e5f74696d65223b733a31393a22323031362d31302d32372031353a33323a3237223b7d223b),
('c532ddf9a857bc8c9f1a62774d536f36340861b8', '::1', 1477576093, 0x5f5f63695f6c6173745f726567656e65726174657c693a313437373537353839333b617574685f6964656e746966696572737c733a38313a22613a323a7b733a373a22757365725f6964223b733a393a22323539313037323431223b733a31303a226c6f67696e5f74696d65223b733a31393a22323031362d31302d32372031353a33323a3237223b7d223b),
('48b21d47d6a3419beff46830814a33fa1e112495', '::1', 1477576512, 0x5f5f63695f6c6173745f726567656e65726174657c693a313437373537363232313b617574685f6964656e746966696572737c733a38313a22613a323a7b733a373a22757365725f6964223b733a393a22323539313037323431223b733a31303a226c6f67696e5f74696d65223b733a31393a22323031362d31302d32372031353a33323a3237223b7d223b),
('5aa54bcc5daf75556e7553caa42c85db6cd7d0b8', '::1', 1477576829, 0x5f5f63695f6c6173745f726567656e65726174657c693a313437373537363633313b617574685f6964656e746966696572737c733a38313a22613a323a7b733a373a22757365725f6964223b733a393a22323539313037323431223b733a31303a226c6f67696e5f74696d65223b733a31393a22323031362d31302d32372031353a33323a3237223b7d223b),
('770668dacb179ecaa47975afec6ff841593faf92', '::1', 1477577393, 0x5f5f63695f6c6173745f726567656e65726174657c693a313437373537373039353b617574685f6964656e746966696572737c733a38313a22613a323a7b733a373a22757365725f6964223b733a393a22323539313037323431223b733a31303a226c6f67696e5f74696d65223b733a31393a22323031362d31302d32372031353a33323a3237223b7d223b),
('30dd938c5e181afcea7d4e00e3cd507a2dabd84b', '::1', 1477577549, 0x5f5f63695f6c6173745f726567656e65726174657c693a313437373537373436383b617574685f6964656e746966696572737c733a38313a22613a323a7b733a373a22757365725f6964223b733a393a22323539313037323431223b733a31303a226c6f67696e5f74696d65223b733a31393a22323031362d31302d32372031353a33323a3237223b7d223b),
('e5f776576ace1c06820dce5d0bf4f622afd15e0f', '::1', 1477578196, 0x5f5f63695f6c6173745f726567656e65726174657c693a313437373537373939313b617574685f6964656e746966696572737c733a38313a22613a323a7b733a373a22757365725f6964223b733a393a22323539313037323431223b733a31303a226c6f67696e5f74696d65223b733a31393a22323031362d31302d32372031353a33323a3237223b7d223b),
('94415bf245f22af780fe39e29e0f63f9807f0146', '::1', 1477578737, 0x5f5f63695f6c6173745f726567656e65726174657c693a313437373537383435383b617574685f6964656e746966696572737c733a38313a22613a323a7b733a373a22757365725f6964223b733a393a22323539313037323431223b733a31303a226c6f67696e5f74696d65223b733a31393a22323031362d31302d32372031353a33323a3237223b7d223b6572726f725f6d6573736167657c733a36383a224e6f204d61726b7320446973747269627574696f6e20466f756e642e20506c65617365204d616b652061204d61726b7320446973747269627574696f6e2046697273742e223b5f5f63695f766172737c613a313a7b733a31333a226572726f725f6d657373616765223b733a333a226e6577223b7d);

-- --------------------------------------------------------

--
-- Table structure for table `class`
--

CREATE TABLE `class` (
  `id` int(11) NOT NULL,
  `class_id` varchar(100) NOT NULL,
  `group` varchar(200) NOT NULL,
  `teacher_id` varchar(200) NOT NULL,
  `note` text NOT NULL
) ENGINE=InnoDB DEFAULT CHARSET=latin1;

--
-- Dumping data for table `class`
--

INSERT INTO `class` (`id`, `class_id`, `group`, `teacher_id`, `note`) VALUES
(27, '5', '', '6', ''),
(28, '5', '', '8', ''),
(29, '1', '', '5', '');

-- --------------------------------------------------------

--
-- Table structure for table `denied_access`
--

CREATE TABLE `denied_access` (
  `ai` int(10) UNSIGNED NOT NULL,
  `ip_address` varchar(45) NOT NULL,
  `time` datetime NOT NULL,
  `reason_code` tinyint(1) UNSIGNED DEFAULT '0'
) ENGINE=MyISAM DEFAULT CHARSET=utf8;

-- --------------------------------------------------------

--
-- Table structure for table `gpa`
--

CREATE TABLE `gpa` (
  `id` int(11) NOT NULL,
  `min_range` int(3) NOT NULL,
  `max_range` int(3) NOT NULL,
  `letter_grade` text NOT NULL,
  `grade_point` float NOT NULL
) ENGINE=InnoDB DEFAULT CHARSET=latin1;

--
-- Dumping data for table `gpa`
--

INSERT INTO `gpa` (`id`, `min_range`, `max_range`, `letter_grade`, `grade_point`) VALUES
(1, 80, 100, 'A+', 5),
(2, 70, 79, 'A', 4),
(3, 60, 69, 'A-', 3.5),
(4, 50, 59, 'B', 3),
(5, 40, 49, 'C', 2),
(6, 33, 39, 'D', 1),
(7, 0, 32, 'F', 0);

-- --------------------------------------------------------

--
-- Table structure for table `ips_on_hold`
--

CREATE TABLE `ips_on_hold` (
  `ai` int(10) UNSIGNED NOT NULL,
  `ip_address` varchar(45) NOT NULL,
  `time` datetime NOT NULL
) ENGINE=MyISAM DEFAULT CHARSET=utf8;

-- --------------------------------------------------------

--
-- Table structure for table `login_errors`
--

CREATE TABLE `login_errors` (
  `ai` int(10) UNSIGNED NOT NULL,
  `username_or_email` varchar(255) NOT NULL,
  `ip_address` varchar(45) NOT NULL,
  `time` datetime NOT NULL
) ENGINE=MyISAM DEFAULT CHARSET=utf8;

--
-- Dumping data for table `login_errors`
--

INSERT INTO `login_errors` (`ai`, `username_or_email`, `ip_address`, `time`) VALUES
(154, 'admin', '::1', '2016-10-27 15:32:14');

-- --------------------------------------------------------

--
-- Table structure for table `marksheet`
--

CREATE TABLE `marksheet` (
  `id` int(11) NOT NULL,
  `class_id` int(11) NOT NULL,
  `subject_id` int(11) NOT NULL,
  `student_id` int(11) NOT NULL,
  `first_ex` int(11) DEFAULT NULL,
  `second_ex` int(11) DEFAULT NULL,
  `final_ex` int(11) DEFAULT NULL,
  `class_test` int(11) DEFAULT NULL,
  `quiz_test` int(11) DEFAULT NULL,
  `lab_test` int(11) DEFAULT NULL,
  `attendence` int(11) DEFAULT NULL,
  `extra_curi` int(11) DEFAULT NULL,
  `create_at` datetime NOT NULL
) ENGINE=InnoDB DEFAULT CHARSET=latin1;

--
-- Dumping data for table `marksheet`
--

INSERT INTO `marksheet` (`id`, `class_id`, `subject_id`, `student_id`, `first_ex`, `second_ex`, `final_ex`, `class_test`, `quiz_test`, `lab_test`, `attendence`, `extra_curi`, `create_at`) VALUES
(39, 5, 1, 14, 11, 26, 33, NULL, NULL, NULL, NULL, 0, '0000-00-00 00:00:00'),
(44, 5, 1, 16, 16, 30, 0, NULL, NULL, NULL, NULL, 0, '0000-00-00 00:00:00'),
(45, 5, 2, 14, 18, NULL, 0, NULL, NULL, NULL, NULL, NULL, '0000-00-00 00:00:00'),
(46, 5, 2, 16, 20, NULL, 0, NULL, NULL, NULL, NULL, NULL, '0000-00-00 00:00:00');

-- --------------------------------------------------------

--
-- Table structure for table `marks_distribution`
--

CREATE TABLE `marks_distribution` (
  `id` int(11) NOT NULL,
  `class_id` int(11) NOT NULL,
  `subject_id` int(11) NOT NULL,
  `first_ex` int(11) NOT NULL,
  `second_ex` int(11) NOT NULL,
  `final_ex` int(11) NOT NULL,
  `class_test` int(11) NOT NULL,
  `quiz_test` int(11) NOT NULL,
  `lab_test` int(11) NOT NULL,
  `attendence` int(11) NOT NULL,
  `extra_curi` int(11) NOT NULL
) ENGINE=InnoDB DEFAULT CHARSET=latin1;

--
-- Dumping data for table `marks_distribution`
--

INSERT INTO `marks_distribution` (`id`, `class_id`, `subject_id`, `first_ex`, `second_ex`, `final_ex`, `class_test`, `quiz_test`, `lab_test`, `attendence`, `extra_curi`) VALUES
(1, 5, 1, 20, 30, 40, 0, 0, 0, 0, 10),
(2, 0, 0, 100, 0, 0, 0, 0, 0, 0, 0),
(3, 0, 0, 0, 0, 100, 0, 0, 0, 0, 0),
(4, 5, 2, 20, 0, 80, 0, 0, 0, 0, 0);

-- --------------------------------------------------------

--
-- Table structure for table `message`
--

CREATE TABLE `message` (
  `id` int(11) NOT NULL,
  `title` text NOT NULL,
  `description` text NOT NULL,
  `image` text NOT NULL,
  `message_owner` text NOT NULL,
  `create_at` datetime NOT NULL
) ENGINE=InnoDB DEFAULT CHARSET=latin1;

-- --------------------------------------------------------

--
-- Table structure for table `news_event`
--

CREATE TABLE `news_event` (
  `id` int(11) NOT NULL,
  `title` text NOT NULL,
  `description` text NOT NULL,
  `image` text NOT NULL,
  `create_at` datetime NOT NULL
) ENGINE=InnoDB DEFAULT CHARSET=latin1;

--
-- Dumping data for table `news_event`
--

INSERT INTO `news_event` (`id`, `title`, `description`, `image`, `create_at`) VALUES
(3, 'This is a News &amp; Event Title', 'This is News Event Description&nbsp;This is News Event DescriptionThis is News Event DescriptionThis is News Event DescriptionThis is News Event DescriptionThis is News Event DescriptionThis is News Event DescriptionThis is News Event DescriptionThis is News Event DescriptionThis is News Event DescriptionThis is News Event DescriptionThis is News Event DescriptionThis is News Event Description', '16d206872b79c50c65a6d60508a6c8e6.jpg', '2016-09-26 00:00:00');

-- --------------------------------------------------------

--
-- Table structure for table `notice`
--

CREATE TABLE `notice` (
  `id` int(11) NOT NULL,
  `notice_title` varchar(100) NOT NULL,
  `upload` varchar(100) NOT NULL,
  `description` text NOT NULL,
  `date` date NOT NULL,
  `added_by` varchar(50) NOT NULL
) ENGINE=InnoDB DEFAULT CHARSET=latin1;

--
-- Dumping data for table `notice`
--

INSERT INTO `notice` (`id`, `notice_title`, `upload`, `description`, `date`, `added_by`) VALUES
(1, 'another file nme ro eroe', 'ea62b5ef8f2660495a1db3e51cd150eb.png', 'Nice', '2016-04-21', '259107241'),
(2, 'May daydfyxcxcbxbxcbxcb', 'f465588644f5ced1905f36ecf407adc7.xlsx', 'fgdgdfg', '2016-05-04', '259107241'),
(3, 'Musicfest 2013', '00a62cef9bc1cfb9807258faa27571f9.xlsx', 'Welcome to Bangladesh Public School and website. This institution seeks to produce academically well-educated young women, with highly developed interpersonal skills and a broad range of interests, who can compete at any level with the brightest and the best, both nationally and internationally. We are committed to providing excellent teaching and a dynamic program of extra-curricular opportunities in a happy, vibrant atmosphere where every girl is encouraged to achieve her full potential in the widest possible sense. We hope you find what you are looking for. We would love to hear what you think about our website and are always open to ideas for improving it, so if you have any suggestions, please email us and let us know.', '2016-08-26', '259107241');

-- --------------------------------------------------------

--
-- Table structure for table `options`
--

CREATE TABLE `options` (
  `id` int(11) NOT NULL,
  `key` varchar(100) NOT NULL,
  `value` text NOT NULL
) ENGINE=InnoDB DEFAULT CHARSET=latin1;

--
-- Dumping data for table `options`
--

INSERT INTO `options` (`id`, `key`, `value`) VALUES
(1, 'dashboard_site_title', ''),
(2, 'dashboard_copyright_text', ''),
(4, 'dashboard_company_address', 'Dhaka'),
(5, 'dashboard_google_analytics', ''),
(6, 'dashboard_custome_css', ''),
(7, 'dashboard_admin_footer_text', '2016  Bangladesh Public School Admin. Brought to you by <a href="#">Bangladesh Public School Team</a>');

-- --------------------------------------------------------

--
-- Table structure for table `pages`
--

CREATE TABLE `pages` (
  `id` int(11) NOT NULL,
  `title` text NOT NULL,
  `description` text NOT NULL,
  `feature_image` text NOT NULL,
  `created_at` date NOT NULL,
  `update_at` date NOT NULL,
  `permalink` varchar(250) NOT NULL,
  `position` varchar(250) NOT NULL
) ENGINE=InnoDB DEFAULT CHARSET=latin1;

--
-- Dumping data for table `pages`
--

INSERT INTO `pages` (`id`, `title`, `description`, `feature_image`, `created_at`, `update_at`, `permalink`, `position`) VALUES
(6, 'Title 05', 'dsfdsfsdf<br>', '', '2016-05-07', '2016-05-09', 'title-05-1', '2'),
(8, 'About Us', 'Absdggd<br>sgd<br>sdg<br>sdg<br>sdg', './uploads/14673576ae065044f7.jpg', '2016-06-15', '2016-06-22', 'about-us', '6'),
(9, 'Weekly Wins', 'Demo', '', '2016-07-21', '2016-07-21', 'weekly-wins', '33'),
(10, 'Show Of', 'Demo', '', '2016-07-21', '2016-08-21', 'show-of', '6'),
(11, 'BD Deshi', 'Akil okul doyal', '', '2016-08-21', '2016-08-21', 'bd-deshi', '6'),
(12, 'Bangladesh', '?????????? ????? ????????? ?? ?????? ??????? ??? ????? ???? ?????? ????? ????? ??????? ????? ?????? ?????? ????????????? ????? ?????? ???????<br><img alt="" src="http://paimages.prothom-alo.com/contents/cache/images/643x0x1/uploads/media/2016/08/27/cd0251a8ba49d08773d1269e2bd3f0bd-bari.jpg"><br><div></div>??????? ??????????? ? ?? ?? ?????? ?? ?? ??????? ???? ?????? ????? ???? ??????? ????? ????? ?? ?????? ?????? ??????? ?????????????? ???????? ??????? ??????? ??????? ???????? ??????? ?????? ?????? ?????? ?? ??????? ??????? ???? ????? ?????? ????? ????? ??????? ????????? ????? ????????? ?? ???????? ?????? ???? ?????? ??? ???? ?????? ???? ??? ??????? ???????? ??????? ??????? ??????? ???????? ?????? ????? ????? ??? ??? ?????? ???????? ??? ??????-?? ? ?????????? ???? ?????????? ???? ????? ?? ????? ??? ???? ????? ????? ???? ????? ????? ???? ???? ???? ???? ???????? ??? ?? ????? ?????????? ????? ???? ????????? ????? ?? ?????? ?????? ????? ??? ??? ??? ????????? ??????? ??????? ??????????? ??????????? ????? ????? ???? ????, ??????? ???? ??????? ??? ????? ???? ?????? ??????? ???? ??????? ?? ??? ?????, ??? ????? ???? ?????? ?????? ????? ???? ??????????? ?? ????, ??? ??????, ???? ????? ????????? ???? ?????? ???-????? ?????? ?????? ??????????????? ????????? ??????? ?????? ????? ???????? ??? ????????? ????? ?????? ?????? ????????????? ????? ??? ??????? ?????? ????? ???? ??????? ?????? ?????? ????????? ?????? ??????? ????? ???? ?? ??? ???? ????????? ????? ??? ???????<br><b><br></b><b></b>????????? ??????? ??????? ?????, ?? ????? ??? ???? ??? ????? ??? ?????? ???? ????? ???? ?????? ??? ??? ??????????? ????? ??????? ?????? ????? ??????? ???? ????? ???????? ?? ???????? ?????? ??????? ???? ??? ???? ?????? ???? ?????<div></div>?????????? ???? ????? ? ?????? ???? ????? ???? ????? ?????? ???????, ????? ? ????????? ????? ???? ??? ????? ????????????? ????????? ??????? ?????? ???????? ? ????????? ????? ??????? ???????? ????? ??????? ???? ????? ????<span>?? ? ????? ???? ???? ????? ??????-?-?? ?? ????? ???? ??? ???????? ?????? ?????????? ????? ?????? ???? ????-?????? ?? ???????? ????????? ????? ???? ?? ???? ?????? ?????? ???? ???????? ????? ???? ?? ??????? ???? ?????????? ????? ????? ???? ???????? ???? ???? ???????? ?? ?????? ?????? ?????? ????? ??? ??????? ???? ??????? ???? ???? ???<br></span>????????? ??????? ??????? ?????, ?? ????? ??? ???? ??? ????? ??? ?????? ???? ????? ???? ?????? ??? ??? ??????????? ????? ??????? ?????? ????? ??????? ???? ????? ???????? ?? ???????? ?????? ??????? ???? ??? ???? ?????? ???? ?????<div></div>?????????? ???? ????? ? ?????? ???? ????? ???? ????? ?????? ???????, ????? ? ????????? ????? ???? ??? ????? ????????????? ????????? ??????? ?????? ???????? ? ????????? ????? ??????? ???????? ????? ??????? ???? ????? ????<span>?? ? ????? ???? ???? ????? ??????-?-?? ?? ????? ???? ??? ???????? ?????? ?????????? ????? ?????? ???? ????-?????? ?? ???????? ????????? ????? ???? ?? ???? ?????? ?????? ???? ???????? ????? ???? ?? ??????? ???? ?????????? ????? ????? ???? ???????? ???? ???? ???????? ?? ?????? ?????? ?????? ????? ??? ??????? ???? ??????? ???? ???? ???<br></span>????????? ??????? ??????? ?????, ?? ????? ??? ???? ??? ????? ??? ?????? ???? ????? ???? ?????? ??? ??? ??????????? ????? ??????? ?????? ????? ??????? ???? ????? ???????? ?? ???????? ?????? ??????? ???? ??? ???? ?????? ???? ?????<div></div>?????????? ???? ????? ? ?????? ???? ????? ???? ????? ?????? ???????, ????? ? ????????? ????? ???? ??? ????? ????????????? ????????? ??????? ?????? ???????? ? ????????? ????? ??????? ???????? ????? ??????? ???? ????? ?????? ? ????? ???? ???? ????? ??????-?-?? ?? ????? ???? ??? ???????? ?????? ?????????? ????? ?????? ???? ????-?????? ?? ???????? ????????? ????? ???? ?? ???? ?????? ?????? ???? ???????? ????? ???? ?? ??????? ???? ?????????? ????? ????? ???? ???????? ???? ???? ???????? ?? ?????? ?????? ?????? ????? ??? ??????? ???? ??????? ???? ???? ???<br><br>', '', '2016-08-27', '2016-08-27', 'bangladesh', '10'),
(13, 'Home', 'home page', '', '2016-08-27', '0000-00-00', 'home', '0');

-- --------------------------------------------------------

--
-- Table structure for table `sliders`
--

CREATE TABLE `sliders` (
  `id` int(11) NOT NULL,
  `title` text NOT NULL,
  `description` text NOT NULL,
  `image` text NOT NULL
) ENGINE=InnoDB DEFAULT CHARSET=latin1;

--
-- Dumping data for table `sliders`
--

INSERT INTO `sliders` (`id`, `title`, `description`, `image`) VALUES
(16, 'Slider One', 'Description Goes Here', 'a117b77b7012121e72f6b87c2c23502c.jpg'),
(17, 'Slider Two', 'Description', 'b2bc439a73634384099d80b6b62a7518.jpg'),
(18, 'Slider Three', 'Description', 'c2c83c1884be2510e1bacf785f156bb9.jpg'),
(19, 'Slider Four', 'Description', '35a5b173920d2dcb978ac403ed130e7d.jpg'),
(20, 'My Name is Description. My Name is Description. My N', 'My Name is Description.&nbsp;My Name is Description.&nbsp;My Name is Description.&nbsp;My Name is Description.&nbsp;My Name is Description.&nbsp;My Name is Description.&nbsp;My Name is Description.&nbsp;My Name is Description.&nbsp;My Name is Description.&nbsp;My Name is Description.&nbsp;My Name is Description.&nbsp;My Name is Description.&nbsp;My Name is Description.&nbsp;My Name is Description.&nbsp;My Name is Description.&nbsp;My Name is Description.&nbsp;My Name is Description.&nbsp;My Name is Description.&nbsp;', '02dcaa53a06c7d0ff042a1ac06bb3b1b.jpg');

-- --------------------------------------------------------

--
-- Table structure for table `sms_menu`
--

CREATE TABLE `sms_menu` (
  `ID` bigint(20) NOT NULL,
  `page_id` bigint(20) NOT NULL,
  `menu_cat_id` bigint(20) NOT NULL,
  `menu_cat_name` varchar(200) NOT NULL,
  `menu_name` varchar(200) NOT NULL,
  `menu_parent` bigint(20) NOT NULL,
  `menu_url` varchar(200) NOT NULL
) ENGINE=InnoDB DEFAULT CHARSET=utf8;

--
-- Dumping data for table `sms_menu`
--

INSERT INTO `sms_menu` (`ID`, `page_id`, `menu_cat_id`, `menu_cat_name`, `menu_name`, `menu_parent`, `menu_url`) VALUES
(27, 8, 1, 'Header Menu', 'About Us', 0, 'http://localhost/sms_new/frontend/pages/about-us'),
(28, 11, 1, 'Header Menu', 'BD Deshi', 0, 'http://localhost/sms_new/frontend/pages/bd-deshi'),
(29, 10, 1, 'Header Menu', 'Show Of', 27, 'http://localhost/sms_new/frontend/pages/show-of'),
(30, 6, 1, 'Header Menu', 'Title 05', 0, 'http://localhost/sms_new/frontend/pages/title-05-1'),
(31, 9, 1, 'Header Menu', 'Weekly Wins', 0, 'http://localhost/sms_new/frontend/pages/weekly-wins'),
(32, 12, 1, 'Header Menu', 'Bangladesh', 0, 'http://localhost/sms_new/frontend/pages/bangladesh'),
(33, 13, 1, 'Header Menu', 'Home', 0, 'http://localhost/sms_new/');

-- --------------------------------------------------------

--
-- Table structure for table `student`
--

CREATE TABLE `student` (
  `id` int(11) NOT NULL,
  `user_id` int(11) NOT NULL,
  `name` varchar(200) NOT NULL,
  `father_name` varchar(200) NOT NULL,
  `mother_name` varchar(200) NOT NULL,
  `date_of_birth` varchar(50) NOT NULL,
  `nid_bs` varchar(50) NOT NULL,
  `address` text NOT NULL,
  `gender` tinyint(4) NOT NULL,
  `class_id` int(50) NOT NULL,
  `group` varchar(200) NOT NULL,
  `contact_number` varchar(20) NOT NULL
) ENGINE=InnoDB DEFAULT CHARSET=latin1;

--
-- Dumping data for table `student`
--

INSERT INTO `student` (`id`, `user_id`, `name`, `father_name`, `mother_name`, `date_of_birth`, `nid_bs`, `address`, `gender`, `class_id`, `group`, `contact_number`) VALUES
(14, 1958947640, 'Student 1', 'Fathers Name', 'Mothers Name', '2016-10-24', 'sdfsd', '', 1, 5, 'Commerce', '0'),
(16, 1553427803, 'Student 3 class ten', 'dsfsdf', 'sdfsdf', '2016-09-08', 'sdfsdf', '', 0, 5, 'Arts', '3423');

-- --------------------------------------------------------

--
-- Table structure for table `subject`
--

CREATE TABLE `subject` (
  `subject_id` int(11) NOT NULL,
  `subject_name` varchar(100) NOT NULL
) ENGINE=InnoDB DEFAULT CHARSET=latin1;

--
-- Dumping data for table `subject`
--

INSERT INTO `subject` (`subject_id`, `subject_name`) VALUES
(1, 'Bangla'),
(2, 'English'),
(3, 'Math'),
(4, 'Sociology'),
(5, 'Islamic Studies');

-- --------------------------------------------------------

--
-- Table structure for table `teachers`
--

CREATE TABLE `teachers` (
  `id` int(11) NOT NULL,
  `user_id` int(11) NOT NULL,
  `first_name` varchar(250) NOT NULL,
  `last_name` varchar(100) NOT NULL,
  `teacher_address` text NOT NULL,
  `gender` int(11) NOT NULL,
  `subject_id` varchar(250) NOT NULL
) ENGINE=InnoDB DEFAULT CHARSET=latin1;

--
-- Dumping data for table `teachers`
--

INSERT INTO `teachers` (`id`, `user_id`, `first_name`, `last_name`, `teacher_address`, `gender`, `subject_id`) VALUES
(5, 396916901, 'Math', 'Teacher', 'teacher3@gmail.com is a math Teacher<br>', 0, '3'),
(6, 875343021, 'Bangla', 'Teacher', 'teacher1@gmail.com is a bangla teacher<br>', 1, '1'),
(8, 661427745, 'English', 'Teacher', 'teacher2@gmail.com&nbsp; is an English teacher<br>', 0, '2');

-- --------------------------------------------------------

--
-- Table structure for table `username_or_email_on_hold`
--

CREATE TABLE `username_or_email_on_hold` (
  `ai` int(10) UNSIGNED NOT NULL,
  `username_or_email` varchar(255) NOT NULL,
  `time` datetime NOT NULL
) ENGINE=MyISAM DEFAULT CHARSET=utf8;

-- --------------------------------------------------------

--
-- Table structure for table `users`
--

CREATE TABLE `users` (
  `user_id` int(10) UNSIGNED NOT NULL,
  `username` varchar(12) DEFAULT NULL,
  `email` varchar(255) NOT NULL,
  `phone` varchar(15) NOT NULL,
  `auth_level` tinyint(3) UNSIGNED NOT NULL,
  `banned` enum('0','1') NOT NULL DEFAULT '0',
  `passwd` varchar(60) NOT NULL,
  `passwd_recovery_code` varchar(60) DEFAULT NULL,
  `passwd_recovery_date` datetime DEFAULT NULL,
  `passwd_modified_at` datetime DEFAULT NULL,
  `last_login` datetime DEFAULT NULL,
  `created_at` datetime NOT NULL,
  `modified_at` timestamp NULL DEFAULT CURRENT_TIMESTAMP ON UPDATE CURRENT_TIMESTAMP
) ENGINE=InnoDB DEFAULT CHARSET=utf8;

--
-- Dumping data for table `users`
--

INSERT INTO `users` (`user_id`, `username`, `email`, `phone`, `auth_level`, `banned`, `passwd`, `passwd_recovery_code`, `passwd_recovery_date`, `passwd_modified_at`, `last_login`, `created_at`, `modified_at`) VALUES
(126293026, 'Teacher10', 'teacher10@teacher.com', '', 5, '0', '$2y$11$zrSPHJM8lJF9y6sFjZnFW.3tw5GoirKoMTBzIbZEmn/HQa4sJchj2', NULL, NULL, NULL, NULL, '2016-10-14 15:46:21', '2016-10-14 13:46:21'),
(167928209, 'student4', 'student4@student.com', '', 1, '0', '$2y$11$bLaFS42xqbRvhbxTfnOR4epKB6K1km9rLX4mI02XJ2KxNCjzWKUKC', NULL, NULL, NULL, NULL, '2016-10-12 20:19:52', '2016-10-12 18:19:52'),
(259107241, 'admin', 'admin@winonedoller.com', '01714927137', 9, '0', '$2y$11$iGi4eP.7YG3TRLVrZB44zemLWE8UIndSan866iqanK30uCSY4EiEa', '$2y$11$4AYGPQ8U9Pd0yXu8pc/VGezDs3r6QkY7.6P/GZgAUXhd40xaOmL..', '2016-09-18 18:25:29', '2016-04-10 12:19:39', '2016-10-27 15:32:27', '2016-10-02 11:53:13', '2016-10-27 13:32:27'),
(322257949, 'student1', 'student1@student.com', '', 1, '0', '$2y$11$nRrGNuQEz0DQKJeoV/jmrOukWgl7qgVao4pNaxNM3/T9S9cSh1w6W', NULL, NULL, '2016-10-15 13:13:02', '2016-10-22 07:57:16', '2016-10-12 20:17:55', '2016-10-22 05:57:16'),
(396916901, 'Teacher3', 'teacher3@gmail.com', '01714927137', 5, '0', '$2y$11$nXyDcg4fqbP/5ZnTev2yK.kC.pl5lEkEksJkck8Cb4aO9gchF6ptO', NULL, NULL, NULL, '2016-10-07 17:28:41', '2016-10-02 11:53:13', '2016-10-07 15:28:41'),
(576839178, 'Teacher2', 'student2@student.com', '', 1, '0', '$2y$11$JX0DWFQIa.EsAC5.2ARveu6.QCpQv7jLkIS3f4up81QdI3SFtFj/K', NULL, NULL, NULL, NULL, '2016-10-12 20:18:15', '2016-10-12 18:18:15'),
(661427745, 'Shamin', 'teacher2@gmail.com', '01714927137', 5, '0', '$2y$11$5DmkRQE6O36HeQDa7AWzl.o35.xyVTHprJRObToba2fUt82PO3g9W', NULL, NULL, NULL, NULL, '2016-10-02 11:53:13', '2016-10-05 16:20:23'),
(875343021, 'teacher1', 'teacher1@gmail.com', '01714927137', 5, '0', '$2y$11$ps/VwjuVJcnWNimOuitxnuKsKXsQIYy.C2DkDlhHMnlDm1LXjhnZm', NULL, NULL, '2016-10-15 13:13:38', '2016-10-15 09:25:00', '2016-10-02 11:53:13', '2016-10-15 07:25:00'),
(976836041, 'student6', 'student6@student.com', '', 1, '0', '$2y$11$vYDyazV1Zr2wN94V/50vTu8qFnjNMArbtXvU164BezMa7Rd0FuZ3a', NULL, NULL, NULL, NULL, '2016-10-12 20:21:04', '2016-10-12 18:21:04'),
(1204550935, 'student5', 'student5@student.com', '', 1, '0', '$2y$11$ys37zcTwLPZ5NxZz3.O/3.rFG8MZBiPD3cWJrm.GtHMEwGrhIuAES', NULL, NULL, NULL, NULL, '2016-10-12 20:20:18', '2016-10-12 18:20:18'),
(1442413858, 'student10', 'student10@student.com', '', 1, '0', '$2y$11$4X6LkQnkOTyDCOsdTEr1X.P7SqES166ZlxUmCIhCYUYiL7sd4Wgh2', NULL, NULL, NULL, NULL, '2016-10-12 20:23:18', '2016-10-12 18:23:18'),
(1480839060, 'teacher4', 'teacher4@gmail.com', '01714927137', 5, '0', '$2y$11$.JDqQaj77odeKOI74a.5X.xBUjZV5vkdqLKtU5Vexh0fEQD8ySkCW', NULL, NULL, NULL, '2016-10-07 17:28:17', '2016-10-02 11:53:13', '2016-10-07 15:28:17'),
(1553427803, 'Student3', 'student3@student.com', '', 1, '0', '$2y$11$Dd1PKHA2f1FvKq0l9ebY2.2T0OziIjEvKWjhF81kpZa0RGxq74U.W', NULL, NULL, NULL, NULL, '2016-10-12 20:19:24', '2016-10-12 18:19:24'),
(1799316213, 'student7', 'student7@student.com', '', 1, '0', '$2y$11$HHGietB.squwxuQZ2UJSk.imIx3V7jiK07CZDbLiMEGgIm52eKiO6', NULL, NULL, NULL, NULL, '2016-10-12 20:21:38', '2016-10-12 18:21:38'),
(1958947640, 'Teacher8', 'student8@student.com', '', 1, '0', '$2y$11$chDd3PHmBqeT4VB3hTJYmuPumwBqhtkl6Gd2NdhVFrPIP7tLIrbPa', NULL, NULL, NULL, NULL, '2016-10-12 20:22:13', '2016-10-12 18:22:13'),
(2049013653, 'student9', 'student9@student.com', '', 1, '0', '$2y$11$K/AVLKGxFtheLpLMorVJe.uJU9haMvxa4u/P2YYQaOs2o8laaZm9K', NULL, NULL, NULL, NULL, '2016-10-12 20:22:40', '2016-10-12 18:22:40'),
(2147484848, 'riku', 'riku@gmail.com', '', 1, '0', '$2y$11$ZivZFRv9jjciqv9kieDxw.leLQja3xNXGWVS9dzGN9Q3fIb1Eu/LS', NULL, NULL, NULL, '2016-10-11 19:02:18', '2016-10-09 21:00:28', '2016-10-11 17:02:18');

--
-- Triggers `users`
--
DELIMITER $$
CREATE TRIGGER `ca_passwd_trigger` BEFORE UPDATE ON `users` FOR EACH ROW BEGIN
    IF ((NEW.passwd <=> OLD.passwd) = 0) THEN
        SET NEW.passwd_modified_at = NOW();
    END IF;
END
$$
DELIMITER ;

-- --------------------------------------------------------

--
-- Table structure for table `user_meta`
--

CREATE TABLE `user_meta` (
  `id` int(11) NOT NULL,
  `user_id` int(11) NOT NULL,
  `key` varchar(200) NOT NULL,
  `value` varchar(250) DEFAULT NULL
) ENGINE=InnoDB DEFAULT CHARSET=latin1;

--
-- Dumping data for table `user_meta`
--

INSERT INTO `user_meta` (`id`, `user_id`, `key`, `value`) VALUES
(16, 259107241, 'full_name', 'Rashedul Islam'),
(17, 259107241, 'address', ''),
(18, 259107241, 'bio', ''),
(19, 875343021, 'full_name', 'Palash'),
(20, 875343021, 'address', ''),
(21, 875343021, 'bio', ''),
(22, 875343021, 'profile-image', '2a33b2f75bcead916365283f8f45ae6d.jpg');

--
-- Indexes for dumped tables
--

--
-- Indexes for table `attendance`
--
ALTER TABLE `attendance`
  ADD PRIMARY KEY (`id`);

--
-- Indexes for table `auth_sessions`
--
ALTER TABLE `auth_sessions`
  ADD PRIMARY KEY (`id`);

--
-- Indexes for table `booklist`
--
ALTER TABLE `booklist`
  ADD PRIMARY KEY (`id`);

--
-- Indexes for table `ci_sessions`
--
ALTER TABLE `ci_sessions`
  ADD PRIMARY KEY (`id`),
  ADD KEY `ci_sessions_timestamp` (`timestamp`);

--
-- Indexes for table `class`
--
ALTER TABLE `class`
  ADD PRIMARY KEY (`id`);

--
-- Indexes for table `denied_access`
--
ALTER TABLE `denied_access`
  ADD PRIMARY KEY (`ai`);

--
-- Indexes for table `gpa`
--
ALTER TABLE `gpa`
  ADD PRIMARY KEY (`id`);

--
-- Indexes for table `ips_on_hold`
--
ALTER TABLE `ips_on_hold`
  ADD PRIMARY KEY (`ai`);

--
-- Indexes for table `login_errors`
--
ALTER TABLE `login_errors`
  ADD PRIMARY KEY (`ai`);

--
-- Indexes for table `marksheet`
--
ALTER TABLE `marksheet`
  ADD PRIMARY KEY (`id`);

--
-- Indexes for table `marks_distribution`
--
ALTER TABLE `marks_distribution`
  ADD PRIMARY KEY (`id`);

--
-- Indexes for table `message`
--
ALTER TABLE `message`
  ADD PRIMARY KEY (`id`);

--
-- Indexes for table `news_event`
--
ALTER TABLE `news_event`
  ADD PRIMARY KEY (`id`);

--
-- Indexes for table `notice`
--
ALTER TABLE `notice`
  ADD PRIMARY KEY (`id`);

--
-- Indexes for table `options`
--
ALTER TABLE `options`
  ADD PRIMARY KEY (`id`);

--
-- Indexes for table `pages`
--
ALTER TABLE `pages`
  ADD PRIMARY KEY (`id`);

--
-- Indexes for table `sliders`
--
ALTER TABLE `sliders`
  ADD PRIMARY KEY (`id`);

--
-- Indexes for table `sms_menu`
--
ALTER TABLE `sms_menu`
  ADD PRIMARY KEY (`ID`);

--
-- Indexes for table `student`
--
ALTER TABLE `student`
  ADD PRIMARY KEY (`id`);

--
-- Indexes for table `subject`
--
ALTER TABLE `subject`
  ADD PRIMARY KEY (`subject_id`);

--
-- Indexes for table `teachers`
--
ALTER TABLE `teachers`
  ADD PRIMARY KEY (`id`);

--
-- Indexes for table `username_or_email_on_hold`
--
ALTER TABLE `username_or_email_on_hold`
  ADD PRIMARY KEY (`ai`);

--
-- Indexes for table `users`
--
ALTER TABLE `users`
  ADD PRIMARY KEY (`user_id`),
  ADD UNIQUE KEY `email` (`email`),
  ADD UNIQUE KEY `username` (`username`);

--
-- Indexes for table `user_meta`
--
ALTER TABLE `user_meta`
  ADD PRIMARY KEY (`id`);

--
-- AUTO_INCREMENT for dumped tables
--

--
-- AUTO_INCREMENT for table `attendance`
--
ALTER TABLE `attendance`
  MODIFY `id` int(11) NOT NULL AUTO_INCREMENT, AUTO_INCREMENT=33;
--
-- AUTO_INCREMENT for table `booklist`
--
ALTER TABLE `booklist`
  MODIFY `id` int(11) NOT NULL AUTO_INCREMENT, AUTO_INCREMENT=2;
--
-- AUTO_INCREMENT for table `class`
--
ALTER TABLE `class`
  MODIFY `id` int(11) NOT NULL AUTO_INCREMENT, AUTO_INCREMENT=30;
--
-- AUTO_INCREMENT for table `denied_access`
--
ALTER TABLE `denied_access`
  MODIFY `ai` int(10) UNSIGNED NOT NULL AUTO_INCREMENT, AUTO_INCREMENT=6;
--
-- AUTO_INCREMENT for table `gpa`
--
ALTER TABLE `gpa`
  MODIFY `id` int(11) NOT NULL AUTO_INCREMENT, AUTO_INCREMENT=8;
--
-- AUTO_INCREMENT for table `ips_on_hold`
--
ALTER TABLE `ips_on_hold`
  MODIFY `ai` int(10) UNSIGNED NOT NULL AUTO_INCREMENT, AUTO_INCREMENT=11;
--
-- AUTO_INCREMENT for table `login_errors`
--
ALTER TABLE `login_errors`
  MODIFY `ai` int(10) UNSIGNED NOT NULL AUTO_INCREMENT, AUTO_INCREMENT=155;
--
-- AUTO_INCREMENT for table `marksheet`
--
ALTER TABLE `marksheet`
  MODIFY `id` int(11) NOT NULL AUTO_INCREMENT, AUTO_INCREMENT=47;
--
-- AUTO_INCREMENT for table `marks_distribution`
--
ALTER TABLE `marks_distribution`
  MODIFY `id` int(11) NOT NULL AUTO_INCREMENT, AUTO_INCREMENT=5;
--
-- AUTO_INCREMENT for table `message`
--
ALTER TABLE `message`
  MODIFY `id` int(11) NOT NULL AUTO_INCREMENT;
--
-- AUTO_INCREMENT for table `news_event`
--
ALTER TABLE `news_event`
  MODIFY `id` int(11) NOT NULL AUTO_INCREMENT, AUTO_INCREMENT=4;
--
-- AUTO_INCREMENT for table `notice`
--
ALTER TABLE `notice`
  MODIFY `id` int(11) NOT NULL AUTO_INCREMENT, AUTO_INCREMENT=4;
--
-- AUTO_INCREMENT for table `options`
--
ALTER TABLE `options`
  MODIFY `id` int(11) NOT NULL AUTO_INCREMENT, AUTO_INCREMENT=8;
--
-- AUTO_INCREMENT for table `pages`
--
ALTER TABLE `pages`
  MODIFY `id` int(11) NOT NULL AUTO_INCREMENT, AUTO_INCREMENT=14;
--
-- AUTO_INCREMENT for table `sliders`
--
ALTER TABLE `sliders`
  MODIFY `id` int(11) NOT NULL AUTO_INCREMENT, AUTO_INCREMENT=21;
--
-- AUTO_INCREMENT for table `sms_menu`
--
ALTER TABLE `sms_menu`
  MODIFY `ID` bigint(20) NOT NULL AUTO_INCREMENT, AUTO_INCREMENT=34;
--
-- AUTO_INCREMENT for table `student`
--
ALTER TABLE `student`
  MODIFY `id` int(11) NOT NULL AUTO_INCREMENT, AUTO_INCREMENT=17;
--
-- AUTO_INCREMENT for table `subject`
--
ALTER TABLE `subject`
  MODIFY `subject_id` int(11) NOT NULL AUTO_INCREMENT, AUTO_INCREMENT=6;
--
-- AUTO_INCREMENT for table `teachers`
--
ALTER TABLE `teachers`
  MODIFY `id` int(11) NOT NULL AUTO_INCREMENT, AUTO_INCREMENT=9;
--
-- AUTO_INCREMENT for table `username_or_email_on_hold`
--
ALTER TABLE `username_or_email_on_hold`
  MODIFY `ai` int(10) UNSIGNED NOT NULL AUTO_INCREMENT;
--
-- AUTO_INCREMENT for table `user_meta`
--
ALTER TABLE `user_meta`
  MODIFY `id` int(11) NOT NULL AUTO_INCREMENT, AUTO_INCREMENT=23;
/*!40101 SET CHARACTER_SET_CLIENT=@OLD_CHARACTER_SET_CLIENT */;
/*!40101 SET CHARACTER_SET_RESULTS=@OLD_CHARACTER_SET_RESULTS */;
/*!40101 SET COLLATION_CONNECTION=@OLD_COLLATION_CONNECTION */;
